,Ano_sem,val_cargaenergiamwmed
0,2001_1,45393.31541667
4,2001_10,44610.59583335
8,2001_11,42216.4125
12,2001_12,42506.96666666
16,2001_13,43109.05833333
20,2001_14,42645.65416667
24,2001_15,40696.59166666
28,2001_16,42068.58750001
32,2001_17,42319.91249999
36,2001_18,41190.24583333
40,2001_19,43313.05833333
44,2001_2,42576.28333334
48,2001_20,41908.16250001
52,2001_21,39465.51249999
56,2001_22,36504.86249999
60,2001_23,32590.5625
64,2001_24,31229.62083334
68,2001_25,31792.31666666
72,2001_26,30626.829166670002
76,2001_27,30884.2875
80,2001_28,31565.27916667
84,2001_29,31601.10416666
88,2001_3,42975.4
92,2001_30,31512.925
96,2001_31,31501.12083334
100,2001_32,31790.454166659998
104,2001_33,32034.00000001
108,2001_34,32560.30000001
112,2001_35,32563.391666670002
116,2001_36,32145.34166667
120,2001_37,33903.81250001
124,2001_38,33778.065
128,2001_39,33968.69375
132,2001_4,43451.62083334
136,2001_40,35250.815
140,2001_41,33647.89708334
144,2001_42,34130.92375001
148,2001_43,33511.82041668
152,2001_44,33815.25375
156,2001_45,34928.52791667
160,2001_46,34516.48124999
164,2001_47,35128.94458334
168,2001_48,35012.43833333
172,2001_49,35269.40499999
176,2001_5,43651.82916667
180,2001_50,35606.64583335
184,2001_51,35826.4225
188,2001_52,33690.83291667
192,2001_6,44073.39583334
196,2001_7,44491.25
200,2001_8,44566.67083332
204,2001_9,41917.083333329996
208,2002_1,39642.61291666
212,2002_10,36785.28458334
216,2002_11,38706.17083333
220,2002_12,38646.653333329996
224,2002_13,36701.24500001
228,2002_14,38563.00708334
232,2002_15,38861.61333333
236,2002_16,38909.56720823
240,2002_17,39294.79125001
244,2002_18,38155.53779167
248,2002_19,38952.38333333
252,2002_2,33785.017083340004
256,2002_20,39118.65208333
260,2002_21,38632.62041667
264,2002_22,37575.83950331
268,2002_23,38120.63375
272,2002_24,39037.73291668
276,2002_25,38267.93583333
280,2002_26,37175.06541667
284,2002_27,37311.52208333
288,2002_28,38945.54249999
292,2002_29,39230.25583332
296,2002_3,34403.444583339995
300,2002_30,39596.06083333
304,2002_31,39408.72208332
308,2002_32,39540.12583333
312,2002_33,39643.91625
316,2002_34,39591.75291666
320,2002_35,39916.408333340005
324,2002_36,40654.81416667
328,2002_37,41148.84583331
332,2002_38,41027.47791667
336,2002_39,41444.8175
340,2002_4,35382.58833333
344,2002_40,41585.29399772
348,2002_41,41591.64756955
352,2002_42,42734.29237461
356,2002_43,43130.84914466
360,2002_44,42986.80394953
364,2002_45,43145.74041668
368,2002_46,42687.62
372,2002_47,43791.23583333
376,2002_48,44009.83625
380,2002_49,44266.395
384,2002_5,35801.95541666
388,2002_50,43048.40333333
392,2002_51,44081.17208334
396,2002_52,40598.79458333
400,2002_6,36090.500833340004
404,2002_7,34726.29875
408,2002_8,38363.71875001
412,2002_9,38551.88833332
416,2003_1,47089.92458334
420,2003_10,40046.39041666
424,2003_11,42450.25125
428,2003_12,40478.22916667
432,2003_13,40825.9
436,2003_14,41868.416666670004
440,2003_15,42439.02833332
444,2003_16,41054.75916667
448,2003_17,41660.65125001
452,2003_18,41233.02666668
456,2003_19,41582.69083333
460,2003_2,44036.35583333
464,2003_20,40737.35083333
468,2003_21,41687.91541667
472,2003_22,42071.38041666
476,2003_23,40814.937375
480,2003_24,40704.03375
484,2003_25,39861.22916667
488,2003_26,39599.21541667
492,2003_27,40350.7825
496,2003_28,40465.03333333
500,2003_29,40188.36208333
504,2003_3,44266.68041667
508,2003_30,40472.867916660005
512,2003_31,40482.22541667
516,2003_32,40634.20666667
520,2003_33,41678.49583333
524,2003_34,41829.04708334
528,2003_35,42628.19916667
532,2003_36,42189.97666667
536,2003_37,42690.26208333
540,2003_38,43192.11583334
544,2003_39,43491.96291666
548,2003_4,42871.92208334
552,2003_40,44298.30583333
556,2003_41,44731.2775
560,2003_42,43414.46500001
564,2003_43,44477.13208333
568,2003_44,43912.97
572,2003_45,43080.23624999
576,2003_46,44418.59333332
580,2003_47,44709.99458333
584,2003_48,45451.13083332
588,2003_49,45800.971249990005
592,2003_5,42198.35958333
596,2003_50,45633.2025
600,2003_51,44690.1575
604,2003_52,43317.04208333
608,2003_6,42132.09958334
612,2003_7,41754.60791666
616,2003_8,41972.31375001
620,2003_9,40907.25208333
624,2004_1,22902.966249999998
628,2004_10,43148.85083333
632,2004_11,43094.06083333
636,2004_12,42837.11166666
640,2004_13,43806.24791667
644,2004_14,44233.95249999
648,2004_15,42245.86208333
652,2004_16,44299.08875
656,2004_17,42920.23916668
660,2004_18,42864.49291666
664,2004_19,43138.81583333
668,2004_2,44221.90083335
672,2004_20,44140.67416666
676,2004_21,43465.65208334
680,2004_22,43254.42999999
684,2004_23,42789.52166667
688,2004_24,42073.92541667
692,2004_25,42227.39416667
696,2004_26,40986.27625001
700,2004_27,41411.59041667
704,2004_28,42759.83749999
708,2004_29,42358.64916667
712,2004_3,42500.39741667
716,2004_30,42236.72416668
720,2004_31,42049.37083333
724,2004_32,42861.18458334
728,2004_33,42504.07666666
732,2004_34,43829.063333340004
736,2004_35,44923.63125
740,2004_36,45143.65625001
744,2004_37,43976.91208333
748,2004_38,45320.13458332
752,2004_39,45523.06999999
756,2004_4,40875.840000000004
760,2004_40,45265.16749999
764,2004_41,46258.4675
768,2004_42,45499.45583333
772,2004_43,46964.84333334
776,2004_44,47156.279583330004
780,2004_45,46110.84750001
784,2004_46,47837.29999999
788,2004_47,46750.94958332
792,2004_48,46469.79166666
796,2004_49,47233.225
800,2004_5,39921.29958333
804,2004_50,47538.22083333
808,2004_51,47410.60958334
812,2004_52,46527.12916667
816,2004_53,33777.08625
820,2004_6,41001.37166667
824,2004_7,42156.852083339996
828,2004_8,42667.93666668
832,2004_9,41232.00958333
836,2005_1,47200.92
840,2005_10,48747.85333333
844,2005_11,47596.48291668
848,2005_12,44947.477083339996
852,2005_13,46129.35874999
856,2005_14,47137.77583333
860,2005_15,47170.35458334
864,2005_16,46797.81791666
868,2005_17,47558.18791665
872,2005_18,45751.18666668
876,2005_19,46314.3975
880,2005_2,47321.55083333
884,2005_20,46339.41125
888,2005_21,45731.83208333
892,2005_22,44637.33958333
896,2005_23,44918.72166666
900,2005_24,45089.97166667
904,2005_25,44480.51791667
908,2005_26,44205.69125001
912,2005_27,44885.20416667
916,2005_28,44570.47958333
920,2005_29,45456.90958333
924,2005_3,47260.4625
928,2005_30,45263.00583334
932,2005_31,45060.61375
936,2005_32,45861.07833334
940,2005_33,46075.94791666
944,2005_34,46157.26000001
948,2005_35,46890.705416669996
952,2005_36,46441.21375
956,2005_37,47197.61583334
960,2005_38,48202.21625
964,2005_39,48685.70499999
968,2005_4,47559.43541666
972,2005_40,48735.02374998
976,2005_41,46952.407125
980,2005_42,48521.385583330004
984,2005_43,49206.84874999
988,2005_44,48030.68120834
992,2005_45,49245.75604167
996,2005_46,47681.00808333
1000,2005_47,49980.75208334
1004,2005_48,48791.139166659996
1008,2005_49,47718.48958334
1012,2005_5,47811.32416666
1016,2005_50,49012.6475
1020,2005_51,48312.4975
1024,2005_52,40777.24125
1028,2005_53,11527.51125
1032,2005_6,45186.13124999
1036,2005_7,46234.76208332
1040,2005_8,47388.045
1044,2005_9,48623.74166667
1048,2006_1,47577.26208334
1052,2006_10,49644.68791667
1056,2006_11,48692.12541668
1060,2006_12,48053.677083329996
1064,2006_13,48497.94
1068,2006_14,48207.551666679996
1072,2006_15,46317.34291667
1076,2006_16,46765.53000001
1080,2006_17,47572.73208334
1084,2006_18,46571.28750001
1088,2006_19,47311.04791667
1092,2006_2,48542.49000001
1096,2006_20,46302.31666667
1100,2006_21,45876.12125
1104,2006_22,45771.250833340004
1108,2006_23,46391.10999999
1112,2006_24,45469.46458333
1116,2006_25,44947.31083334
1120,2006_26,45019.39083334
1124,2006_27,45552.42083333
1128,2006_28,46159.35333333
1132,2006_29,45916.08470834
1136,2006_3,48693.40291667
1140,2006_30,46413.97045834
1144,2006_31,47412.38166666
1148,2006_32,47141.54083334
1152,2006_33,47165.47208333
1156,2006_34,48460.68416667
1160,2006_35,48564.13816667
1164,2006_36,47836.98500001
1168,2006_37,48973.85195833
1172,2006_38,49988.755416680004
1176,2006_39,49790.78416667
1180,2006_4,49917.15916666
1184,2006_40,50828.43374999
1188,2006_41,50171.26600001
1192,2006_42,51382.71291667
1196,2006_43,50068.12374999
1200,2006_44,49229.77416665
1204,2006_45,51662.475
1208,2006_46,49619.12958334
1212,2006_47,50614.30333334
1216,2006_48,51325.83104166
1220,2006_49,51553.69291666
1224,2006_5,49581.47124999
1228,2006_50,51832.73458334
1232,2006_51,51850.81987501
1236,2006_52,54985.520000000004
1240,2006_6,50153.53208335
1244,2006_7,49486.91833333
1248,2006_8,49282.295
1252,2006_9,46892.68583334
1256,2007_1,55940.31875001
1260,2007_10,49434.36629166
1264,2007_11,49563.67375
1268,2007_12,51181.79958333
1272,2007_13,51547.92541666
1276,2007_14,49898.49875
1280,2007_15,51610.82625001
1284,2007_16,49295.37333334
1288,2007_17,49486.35875
1292,2007_18,47576.04083334
1296,2007_19,49312.55666666
1300,2007_2,51856.85458333
1304,2007_20,49353.20791667
1308,2007_21,50020.19999999
1312,2007_22,49396.97125
1316,2007_23,48494.01291667
1320,2007_24,49111.23541667
1324,2007_25,48489.74291666
1328,2007_26,48593.415
1332,2007_27,48850.17083334
1336,2007_28,49299.42916667
1340,2007_29,49842.60875
1344,2007_3,52708.66333333
1348,2007_30,49516.89125
1352,2007_31,48570.66041667
1356,2007_32,49377.19749999
1360,2007_33,48495.42083333
1364,2007_34,49589.98500001
1368,2007_35,50212.28916667
1372,2007_36,49420.01375
1376,2007_37,50626.89333333
1380,2007_38,51638.68458333
1384,2007_39,52337.78958333
1388,2007_4,53487.05916667
1392,2007_40,52035.363750000004
1396,2007_41,51186.576250009995
1400,2007_42,52900.54125001
1404,2007_43,53897.45708334
1408,2007_44,53210.11416666
1412,2007_45,54625.81041667
1416,2007_46,53211.94916667
1420,2007_47,54115.45125
1424,2007_48,53754.15833334
1428,2007_49,54104.849166680004
1432,2007_5,53111.10000001
1436,2007_50,53481.82499999
1440,2007_51,53311.46416667
1444,2007_52,50203.33916666
1448,2007_6,52178.37458333
1452,2007_7,49779.01916665
1456,2007_8,45358.74708334
1460,2007_9,48157.07916665
1464,2008_1,64768.22999999
1468,2008_10,53346.82833334
1472,2008_11,53591.24791668
1476,2008_12,49223.01541666
1480,2008_13,51571.61583333
1484,2008_14,50689.189166669996
1488,2008_15,51576.49416667
1492,2008_16,52510.98416666
1496,2008_17,53016.97625001
1500,2008_18,52370.19833333
1504,2008_19,53231.90208334
1508,2008_2,53466.37291667
1512,2008_20,51873.52000001
1516,2008_21,51926.51833334
1520,2008_22,52427.80375
1524,2008_23,51503.62458332
1528,2008_24,51628.48708333
1532,2008_25,50869.55291666
1536,2008_26,48992.72333334
1540,2008_27,50106.86875001
1544,2008_28,50076.70166666
1548,2008_29,49529.87208332
1552,2008_3,51795.62750001
1556,2008_30,50220.40625001
1560,2008_31,50244.364583329996
1564,2008_32,51087.63208333
1568,2008_33,52099.99708334
1572,2008_34,52117.765833339996
1576,2008_35,52277.72708333
1580,2008_36,52584.264583330005
1584,2008_37,53288.89958334
1588,2008_38,53949.54958333
1592,2008_39,54041.77166667
1596,2008_4,52352.58274999
1600,2008_40,54197.556666669996
1604,2008_41,53490.85104167
1608,2008_42,54335.97333334
1612,2008_43,54969.25166667
1616,2008_44,55742.57416665
1620,2008_45,56259.81666667
1624,2008_46,54806.94291667
1628,2008_47,54792.70091667
1632,2008_48,54419.358333330005
1636,2008_49,53542.11916667
1640,2008_5,51491.97283334
1644,2008_50,52226.145833329996
1648,2008_51,52250.10541667
1652,2008_52,48353.95041667
1656,2008_6,50463.47429167
1660,2008_7,53531.64804167
1664,2008_8,53715.77125001
1668,2008_9,52717.56916666
1672,2009_1,26540.31333333
1676,2009_10,52132.99875001
1680,2009_11,53841.39041666
1684,2009_12,53624.06000001
1688,2009_13,53929.37791667
1692,2009_14,53784.57833334
1696,2009_15,51022.27041667
1700,2009_16,51160.47916666
1704,2009_17,50114.32958333
1708,2009_18,49625.04750001
1712,2009_19,50597.49791667
1716,2009_2,51830.81958334
1720,2009_20,50890.94874999
1724,2009_21,49957.18041666
1728,2009_22,50034.57875
1732,2009_23,49774.27250001
1736,2009_24,49176.2175
1740,2009_25,50497.695000010004
1744,2009_26,49020.63791666
1748,2009_27,49496.06791666
1752,2009_28,49121.52625
1756,2009_29,50882.0625
1760,2009_3,51998.76
1764,2009_30,51087.96458333
1768,2009_31,51019.06041666
1772,2009_32,51338.74875
1776,2009_33,50900.66583333
1780,2009_34,51800.10833332
1784,2009_35,52036.55666668
1788,2009_36,52782.2725
1792,2009_37,52304.84000001
1796,2009_38,54759.94916667
1800,2009_39,55619.8075
1804,2009_4,50747.10041666
1808,2009_40,55398.26041666
1812,2009_41,56298.53875
1816,2009_42,54464.955
1820,2009_43,56809.46541667
1824,2009_44,54239.43499999
1828,2009_45,54131.36083333
1832,2009_46,55760.72833333
1836,2009_47,56127.19083333
1840,2009_48,57547.41375001
1844,2009_49,56990.39749999
1848,2009_5,51680.34208332
1852,2009_50,57281.53291665
1856,2009_51,56944.85791666
1860,2009_52,53358.01125
1864,2009_53,31758.6325
1868,2009_6,52399.79750001
1872,2009_7,53820.05333333
1876,2009_8,51673.66416667
1880,2009_9,48266.5925
1884,2010_1,55309.37458333
1888,2010_10,60870.0325
1892,2010_11,60477.4375
1896,2010_12,58004.698749999996
1900,2010_13,56844.94883332
1904,2010_14,57799.34216667
1908,2010_15,56711.99370834
1912,2010_16,56875.45366667
1916,2010_17,57962.27338106
1920,2010_18,57909.9681908
1924,2010_19,59190.25580566
1928,2010_2,56622.63333333
1932,2010_20,58377.36592407
1936,2010_21,58909.93254256
1940,2010_22,56965.93720897
1944,2010_23,57971.24416666
1948,2010_24,55759.16833333
1952,2010_25,54183.92083333
1956,2010_26,53870.73
1960,2010_27,55110.240833330005
1964,2010_28,55631.72124999
1968,2010_29,54731.37958333
1972,2010_3,56997.50458333
1976,2010_30,54725.51275
1980,2010_31,53836.571875
1984,2010_32,54019.56745833
1988,2010_33,54148.54033333
1992,2010_34,54991.43924999
1996,2010_35,55217.84958334
2000,2010_36,54399.99333333
2004,2010_37,56265.94333332
2008,2010_38,56247.33000001
2012,2010_39,58322.60333333
2016,2010_4,57780.729999999996
2020,2010_40,59420.91625
2024,2010_41,57747.20916666
2028,2010_42,59312.571250010005
2032,2010_43,58451.01166666
2036,2010_44,57174.81208333
2040,2010_45,58737.03666667
2044,2010_46,57538.98499999
2048,2010_47,59238.39166666
2052,2010_48,58445.44000001
2056,2010_49,58055.77208334
2060,2010_5,58567.10625001
2064,2010_50,56052.72625
2068,2010_51,54838.08125
2072,2010_52,40288.650416669996
2076,2010_53,20410.29416667
2080,2010_6,57445.00624999
2084,2010_7,56003.79625
2088,2010_8,60083.78583333
2092,2010_9,60491.801250000004
2096,2011_1,55800.19041667
2100,2011_10,55087.82791666
2104,2011_11,59103.58625
2108,2011_12,59241.95999999
2112,2011_13,59800.78416666
2116,2011_14,59568.33166666
2120,2011_15,57691.79625
2124,2011_16,53385.22249999
2128,2011_17,57504.40416667
2132,2011_18,57101.15499999
2136,2011_19,56062.55958333
2140,2011_2,56776.94833333
2144,2011_20,55985.288333330005
2148,2011_21,55382.18416667
2152,2011_22,55905.56791667
2156,2011_23,55987.98041667
2160,2011_24,55893.81666666
2164,2011_25,53728.65249999
2168,2011_26,55525.40708333
2172,2011_27,55482.08708333
2176,2011_28,54466.01125001
2180,2011_29,55205.92833333
2184,2011_3,56019.09916667
2188,2011_30,55741.332500000004
2192,2011_31,56815.65875001
2196,2011_32,56408.16958334
2200,2011_33,56666.93708333
2204,2011_34,57098.52458332
2208,2011_35,57801.587916669996
2212,2011_36,56812.68875001
2216,2011_37,58203.59083334
2220,2011_38,57623.23708333
2224,2011_39,58985.96458333
2228,2011_4,56767.11125001
2232,2011_40,59082.74208333
2236,2011_41,59232.23291667
2240,2011_42,58259.66333333
2244,2011_43,58865.04416666
2248,2011_44,57237.31833334
2252,2011_45,58326.62083333
2256,2011_46,58350.19375001
2260,2011_47,60494.13375
2264,2011_48,60772.94416666
2268,2011_49,60235.86208334
2272,2011_5,55783.9525
2276,2011_50,59490.1075
2280,2011_51,59275.525
2284,2011_52,64698.45833334
2288,2011_6,56854.11
2292,2011_7,56409.687916669995
2296,2011_8,57511.23916666
2300,2011_9,57148.067916650005
2304,2012_1,68541.202875
2308,2012_10,62381.319375009996
2312,2012_11,62621.11862499
2316,2012_12,62135.51545834
2320,2012_13,62758.36366667
2324,2012_14,59620.25870834
2328,2012_15,62747.285375
2332,2012_16,62937.03870834
2336,2012_17,63785.139583330005
2340,2012_18,60701.43208334
2344,2012_19,62061.061749989996
2348,2012_2,61282.17470834
2352,2012_20,62342.05379167
2356,2012_21,60133.503041669996
2360,2012_22,59646.312
2364,2012_23,59252.96579166
2368,2012_24,59659.08229167
2372,2012_25,60293.11858334
2376,2012_26,58213.70808333
2380,2012_27,58397.89241666
2384,2012_28,59628.48529168
2388,2012_29,59303.32400001
2392,2012_3,60667.9215
2396,2012_30,58929.352166669996
2400,2012_31,58076.93187499
2404,2012_32,59651.11295833
2408,2012_33,58955.27416667
2412,2012_34,58576.37166667
2416,2012_35,60435.18137499
2420,2012_36,58896.95654168
2424,2012_37,61835.84745833
2428,2012_38,63022.63070833
2432,2012_39,62445.10483333
2436,2012_4,59784.24925001
2440,2012_40,60652.88683333
2444,2012_41,60409.35595833
2448,2012_42,61967.10620832
2452,2012_43,61202.28804166
2456,2012_44,61662.81791666
2460,2012_45,62119.16783335
2464,2012_46,62370.69429166
2468,2012_47,64667.55391668
2472,2012_48,64135.32270834
2476,2012_49,65250.9795
2480,2012_5,60841.97600001
2484,2012_50,65925.21370833
2488,2012_51,65318.578166679996
2492,2012_52,69158.592875
2496,2012_6,62364.98266666
2500,2012_7,59470.10229167
2504,2012_8,56022.116416670004
2508,2012_9,61454.08208334
2512,2013_1,71052.319125
2516,2013_10,67825.43979166
2520,2013_11,69032.06945833
2524,2013_12,67434.529375
2528,2013_13,65073.664375
2532,2013_14,68956.74908334
2536,2013_15,69910.762375
2540,2013_16,68318.98654167
2544,2013_17,63181.7615
2548,2013_18,61874.264375
2552,2013_19,64791.55587501
2556,2013_2,65322.051125
2560,2013_20,63986.87662501
2564,2013_21,64350.84954167
2568,2013_22,63511.42825
2572,2013_23,64121.40770833
2576,2013_24,63211.70683335
2580,2013_25,63566.741749990004
2584,2013_26,61772.178291669996
2588,2013_27,61597.07804168
2592,2013_28,61948.74349999
2596,2013_29,62564.22300001
2600,2013_3,64264.859458319996
2604,2013_30,63121.78758333
2608,2013_31,62655.50062501
2612,2013_32,62832.019030409996
2616,2013_33,64039.1905948
2620,2013_34,62717.089625
2624,2013_35,61785.72595832
2628,2013_36,62786.481374999996
2632,2013_37,63373.01937501
2636,2013_38,66013.07300001
2640,2013_39,67034.257625
2644,2013_4,64309.60883334
2648,2013_40,66892.95238015
2652,2013_41,64915.70354167
2656,2013_42,66484.42883695
2660,2013_43,66907.90750001
2664,2013_44,66387.12874998999
2668,2013_45,66301.41370833
2672,2013_46,65705.26658334
2676,2013_47,67053.58379168
2680,2013_48,58884.41570833
2684,2013_49,69761.95404168
2688,2013_5,65861.25704165999
2692,2013_50,69393.62295833
2696,2013_51,65940.87375
2700,2013_52,62961.87204167
2704,2013_6,65936.31245832
2708,2013_7,62960.2765
2712,2013_8,65606.91104165
2716,2013_9,67021.97512499
2720,2014_1,74939.67505717
2724,2014_10,65945.00141666
2728,2014_11,68593.17295833
2732,2014_12,69145.16541666
2736,2014_13,69479.42946967
2740,2014_14,69720.78124094999
2744,2014_15,68910.33593842
2748,2014_16,66153.54987453
2752,2014_17,69519.63325843
2756,2014_18,64032.64839421
2760,2014_19,67210.08661066
2764,2014_2,66999.54146666
2768,2014_20,66496.78380546
2772,2014_21,67962.81950136
2776,2014_22,66599.06229738
2780,2014_23,66642.1340994
2784,2014_24,65001.83789763
2788,2014_25,62857.1778935
2792,2014_26,62062.65296729
2796,2014_27,64304.975358840005
2800,2014_28,64231.153930039996
2804,2014_29,64610.58120108
2808,2014_3,68874.59470385
2812,2014_30,64376.07494462
2816,2014_31,64113.66074676
2820,2014_32,64299.327598870004
2824,2014_33,64411.836316839996
2828,2014_34,65047.519074050004
2832,2014_35,65720.54167624
2836,2014_36,67387.10875008
2840,2014_37,65516.53969818
2844,2014_38,67078.81742583
2848,2014_39,67721.53063277999
2852,2014_4,69246.03266667
2856,2014_40,67541.63875396
2860,2014_41,66334.19044102001
2864,2014_42,69169.2566542
2868,2014_43,68050.62804805
2872,2014_44,68007.48399853
2876,2014_45,69136.61164761
2880,2014_46,70048.41824556
2884,2014_47,67653.08006397
2888,2014_48,70025.32461056
2892,2014_49,70258.45411679
2896,2014_5,58973.46065
2900,2014_50,68717.13853983
2904,2014_51,67187.00527544
2908,2014_52,64112.28456358
2912,2014_6,67717.58518333
2916,2014_7,68676.15629166
2920,2014_8,68456.91108334
2924,2014_9,68896.62437501
2928,2015_1,35629.61811255
2932,2015_10,69258.18153066
2936,2015_11,70778.68466833001
2940,2015_12,71370.54207625
2944,2015_13,70405.68489512
2948,2015_14,68675.27441495
2952,2015_15,61549.495761030004
2956,2015_16,71303.91254933
2960,2015_17,70059.77583119
2964,2015_18,67566.44210393
2968,2015_19,69725.29178916
2972,2015_2,69546.91296824
2976,2015_20,69329.34754978999
2980,2015_21,68988.4486729
2984,2015_22,69193.43883689
2988,2015_23,67200.51607729
2992,2015_24,67642.31067445
2996,2015_25,67480.79212867
3000,2015_26,62697.12855001
3004,2015_27,63523.131788
3008,2015_28,64311.08127434
3012,2015_29,63101.739555910004
3016,2015_3,71753.64301379
3020,2015_30,63534.83152077
3024,2015_31,63104.22802643
3028,2015_32,63992.24350998
3032,2015_33,63463.93536758
3036,2015_34,64843.83835979
3040,2015_35,66921.1677333
3044,2015_36,66139.25669635
3048,2015_37,65946.77828326
3052,2015_38,66772.66354584
3056,2015_39,68212.35824741
3060,2015_4,71622.0665069
3064,2015_40,68440.11058141
3068,2015_41,68982.97029586
3072,2015_42,68098.15215663
3076,2015_43,70237.14067749
3080,2015_44,69681.0294325
3084,2015_45,69345.89545697
3088,2015_46,71523.15453543
3092,2015_47,72499.19192525
3096,2015_48,72671.75049268
3100,2015_49,73355.35621232
3104,2015_5,72158.66573801001
3108,2015_50,73177.85016967
3112,2015_51,71948.69246095
3116,2015_52,65792.42477872
3120,2015_53,38718.54771893
3124,2015_6,71451.51388703
3128,2015_7,71643.33681023
3132,2015_8,67068.36253503
3136,2015_9,69691.62456014
3140,2016_1,68186.97460444
3144,2016_10,73591.56375
3148,2016_11,72223.12612500999
3152,2016_12,71569.65166667
3156,2016_13,70837.23833333
3160,2016_14,65190.78320834
3164,2016_15,66249.11962499
3168,2016_16,68468.193375
3172,2016_17,72607.17941667
3176,2016_18,71616.99424999
3180,2016_19,70880.78639167
3184,2016_2,69679.16404029
3188,2016_20,70986.12866667
3192,2016_21,69094.08779166
3196,2016_22,69797.04895833001
3200,2016_23,72264.41429167
3204,2016_24,68496.51891667
3208,2016_25,65775.59341666
3212,2016_26,65277.807125
3216,2016_27,66487.64916667
3220,2016_28,68124.67775
3224,2016_29,68092.21645834
3228,2016_3,66597.02825
3232,2016_30,66247.72754166
3236,2016_31,66398.09382913
3240,2016_32,67696.14366668
3244,2016_33,69047.87508334
3248,2016_34,67144.7725
3252,2016_35,67240.81924999
3256,2016_36,66504.96620832
3260,2016_37,69169.95191667
3264,2016_38,71579.17675001
3268,2016_39,70708.09479167
3272,2016_4,66105.35266667
3276,2016_40,72203.20504167
3280,2016_41,69647.80571559
3284,2016_42,71877.74974999
3288,2016_43,72387.13712500001
3292,2016_44,70512.36345833
3296,2016_45,71761.8616625
3300,2016_46,69998.03641667
3304,2016_47,72239.28529166
3308,2016_48,73989.87208334
3312,2016_49,74430.94233334
3316,2016_5,67700.85970833
3320,2016_50,71653.90970833
3324,2016_51,68687.16091666
3328,2016_52,60270.59733333
3332,2016_53,26498.39034811
3336,2016_6,67554.01633332
3340,2016_7,70030.18305834
3344,2016_8,71917.71749999
3348,2016_9,73214.95383335
3352,2017_1,72490.51475
3356,2017_10,75983.35904166
3360,2017_11,74680.75416666
3364,2017_12,75854.92658333
3368,2017_13,74935.27954167
3372,2017_14,73065.75633333
3376,2017_15,71400.04970833
3380,2017_16,73604.92866665
3384,2017_17,73571.03233334
3388,2017_18,69546.231875
3392,2017_19,72593.37462501001
3396,2017_2,74363.53358333
3400,2017_20,74291.07470834
3404,2017_21,72093.67733333001
3408,2017_22,69617.13020833
3412,2017_23,70678.47270834
3416,2017_24,69583.93433333
3420,2017_25,67826.98966665
3424,2017_26,67308.77391666
3428,2017_27,65506.86133333
3432,2017_28,66298.71687501
3436,2017_29,66697.45066667
3440,2017_3,74250.04320833
3444,2017_30,65737.32504165
3448,2017_31,66666.13754167
3452,2017_32,68327.27687499
3456,2017_33,68045.0004125
3460,2017_34,68844.66520834
3464,2017_35,69265.43316665999
3468,2017_36,67299.88541667
3472,2017_37,67653.09025000001
3476,2017_38,67164.999875
3480,2017_39,69091.39829167
3484,2017_4,74088.36520834001
3488,2017_40,71429.07595834
3492,2017_41,70410.46689493
3496,2017_42,71625.72991666
3500,2017_43,72674.45695833
3504,2017_44,72359.758625
3508,2017_45,72505.48425000001
3512,2017_46,71118.74629167
3516,2017_47,73530.58420833
3520,2017_48,74332.13970834
3524,2017_49,76559.10887355
3528,2017_5,75199.23320832
3532,2017_50,74177.81424999
3536,2017_51,71627.49533334
3540,2017_52,79842.99191667
3544,2017_6,75139.56914925
3548,2017_7,73655.42220832
3552,2017_8,73623.31791666
3556,2017_9,70765.36258332
3560,2018_1,83094.36066666
3564,2018_10,75946.46862499
3568,2018_11,76491.204875
3572,2018_12,73581.85525001
3576,2018_13,70186.89804166
3580,2018_14,75749.42229167
3584,2018_15,72191.01845833
3588,2018_16,71354.08212499
3592,2018_17,72226.73683335
3596,2018_18,71229.35204168
3600,2018_19,72433.83162499999
3604,2018_2,73780.33554166
3608,2018_20,73411.686875
3612,2018_21,71581.61270833
3616,2018_22,65657.22741666
3620,2018_23,69543.80370834
3624,2018_24,70048.014375
3628,2018_25,68347.19537501001
3632,2018_26,68471.94245834
3636,2018_27,68512.49787499
3640,2018_28,69017.07995834
3644,2018_29,68587.94629167
3648,2018_3,73787.27412499
3652,2018_30,69308.22150001
3656,2018_31,70098.29916666
3660,2018_32,72086.7785
3664,2018_33,71867.22908332999
3668,2018_34,64663.60820833
3672,2018_35,69653.99395833
3676,2018_36,70054.58020833
3680,2018_37,71551.93145833
3684,2018_38,73007.76254167
3688,2018_39,73617.28366667
3692,2018_4,73673.08875
3696,2018_40,74221.96616666
3700,2018_41,73651.39083332999
3704,2018_42,76923.50066667
3708,2018_43,76403.89720833
3712,2018_44,74779.5316413
3716,2018_45,75618.90841667
3720,2018_46,75222.88920833
3724,2018_47,77465.79087501
3728,2018_48,74890.61383333
3732,2018_49,75915.1875
3736,2018_5,74625.72441667
3740,2018_50,72644.08604167
3744,2018_51,73453.91616666
3748,2018_52,71094.93383333
3752,2018_6,73188.12091667
3756,2018_7,68039.23033333001
3760,2018_8,74113.21495832
3764,2018_9,73453.12354166
3768,2019_1,83969.9248125
3772,2019_10,72696.37058334
3776,2019_11,78687.83354167
3780,2019_12,78742.83612498999
3784,2019_13,74185.31605126
3788,2019_14,76113.64645834
3792,2019_15,77026.78183333999
3796,2019_16,75364.74804166
3800,2019_17,76358.08529167
3804,2019_18,75731.58008333
3808,2019_19,76836.65687501
3812,2019_2,75774.03175001
3816,2019_20,76144.99108333
3820,2019_21,75684.07995833
3824,2019_22,73875.30566666
3828,2019_23,72304.05162500001
3832,2019_24,69870.20529166001
3836,2019_25,68199.63174999
3840,2019_26,67612.52254166
3844,2019_27,70866.45258333
3848,2019_28,68602.93566667
3852,2019_29,68220.81970834
3856,2019_3,77053.09258333
3860,2019_30,67020.05070834
3864,2019_31,68474.41454166
3868,2019_32,67715.38441667
3872,2019_33,68394.69929166
3876,2019_34,68781.20908333
3880,2019_35,68299.04066666
3884,2019_36,69075.59129166
3888,2019_37,70784.79295834
3892,2019_38,71503.30554167
3896,2019_39,72405.44916666
3900,2019_4,78191.11954166999
3904,2019_40,72590.03179167
3908,2019_41,73157.11308334
3912,2019_42,74894.131375
3916,2019_43,76510.98791666
3920,2019_44,75985.54995833
3924,2019_45,78241.96512499
3928,2019_46,77797.34183334
3932,2019_47,77925.62354167001
3936,2019_48,77765.37233333
3940,2019_49,80701.43245831999
3944,2019_5,77510.98958333
3948,2019_50,78956.98641666
3952,2019_51,78564.60466667
3956,2019_52,75480.42922916
3960,2019_6,77324.106375
3964,2019_7,78730.41045833
3968,2019_8,79304.40566667
3972,2019_9,78787.79720834
3976,2020_1,50614.68391667
3980,2020_10,79626.92466666
3984,2020_11,76663.50854167
3988,2020_12,75128.81004166
3992,2020_13,67764.43820834
3996,2020_14,67892.12787501
4000,2020_15,68766.35470833999
4004,2020_16,67882.571625
4008,2020_17,64577.739041659996
4012,2020_18,64801.68979166
4016,2020_19,67331.93733334
4020,2020_2,76440.73970833
4024,2020_20,66375.81937499
4028,2020_21,66260.93258332
4032,2020_22,66436.94287499
4036,2020_23,66383.96633334
4040,2020_24,66099.72041667
4044,2020_25,65639.85566666
4048,2020_26,65762.84779166
4052,2020_27,67097.83095834
4056,2020_28,66788.51024999
4060,2020_29,67072.66412499
4064,2020_3,78278.53479167
4068,2020_30,66965.39304167
4072,2020_31,67945.805
4076,2020_32,67808.84912499
4080,2020_33,68580.72087501
4084,2020_34,69679.08854168
4088,2020_35,69187.042375
4092,2020_36,68959.75833333
4096,2020_37,69034.14562501
4100,2020_38,71007.19670833
4104,2020_39,73031.00924999
4108,2020_4,78054.58687500001
4112,2020_40,74633.305625
4116,2020_41,78105.11070833
4120,2020_42,76440.60033332
4124,2020_43,77826.90783333
4128,2020_44,77733.44029167
4132,2020_45,72932.96708333
4136,2020_46,75891.64683334
4140,2020_47,78334.76054166
4144,2020_48,75463.45858333
4148,2020_49,79171.11508333
4152,2020_5,77238.59908334
4156,2020_50,78654.64745834
4160,2020_51,80578.67524999
4164,2020_52,74878.67254166
4168,2020_53,43958.614916670005
4172,2020_6,77414.79604167
4176,2020_7,78399.56775001
4180,2020_8,76328.22379167
4184,2020_9,75979.17845834
4188,2021_1,80093.117625
4192,2021_10,82894.66558333
4196,2021_11,81298.44608333
4200,2021_12,79119.4005
4204,2021_13,78511.24145833
4208,2021_14,79042.06208333
4212,2021_15,77679.055
4216,2021_16,78669.13624999
4220,2021_17,75709.95441666999
4224,2021_18,75774.08691668
4228,2021_19,74645.74845833
4232,2021_2,78382.84579166
4236,2021_20,76262.59237500001
4240,2021_21,76743.49045833
4244,2021_22,76588.21595834
4248,2021_23,77492.64737501
4252,2021_24,77318.33270833999
4256,2021_25,75829.05025
4260,2021_26,75060.61241667
4264,2021_27,76008.76391667999
4268,2021_28,77414.39458332
4272,2021_29,77384.68679166
4276,2021_3,77098.33104168
4280,2021_30,79430.44241666
4284,2021_31,77619.729375
4288,2021_32,78465.221625
4292,2021_33,79255.33575
4296,2021_34,80333.246625
4300,2021_35,81150.0845
4304,2021_36,82630.38579167
4308,2021_37,84045.90116666
4312,2021_38,85201.16475
4316,2021_39,85967.14611107
4320,2021_4,78137.08625001
4324,2021_40,86597.88977958
4328,2021_41,84864.71509173
4332,2021_42,85985.58182223
4336,2021_43,83898.54380884
4340,2021_44,83104.98670834
4344,2021_45,82805.40095833
4348,2021_46,80452.46820834
4352,2021_47,86376.80995833
4356,2021_48,85175.15149999
4360,2021_49,82443.23658333
4364,2021_5,80166.34520834
4368,2021_50,82317.61995833
4372,2021_51,80860.84999999
4376,2021_52,55776.977604169995
4380,2021_53,30526.97533334
4384,2021_6,78985.83833333
4388,2021_7,77457.00591666
4392,2021_8,77499.840375
4396,2021_9,77801.09958333
4400,2022_1,78721.38745832999
4404,2022_10,82915.31454168
4408,2022_11,81856.60549999
4412,2022_12,78942.03720834
4416,2022_13,78852.69641666999
4420,2022_14,80117.13045833001
4424,2022_15,80401.39233333
4428,2022_16,78116.21658334
4432,2022_17,78060.20149999
4436,2022_18,77527.26045833
4440,2022_19,78558.64320834
4444,2022_2,78474.36983333
4448,2022_20,79974.88004167
4452,2022_21,75435.9291875
4456,2022_22,76170.00666667
4460,2022_23,74897.11745834
4464,2022_24,72831.16825
4468,2022_25,69948.09487499
4472,2022_26,70294.92979167
4476,2022_27,71360.37737499
4480,2022_28,74456.32554167
4484,2022_29,74150.25795834
4488,2022_3,80605.431875
4492,2022_30,75540.45441666999
4496,2022_31,75535.20058333
4500,2022_32,76558.95720833
4504,2022_33,74881.17629167
4508,2022_34,75059.61299999
4512,2022_35,73982.94841667
4516,2022_36,72711.95458334
4520,2022_37,77749.15695834
4524,2022_38,80750.07966667
4528,2022_39,78736.83775
4532,2022_4,79887.571375
4536,2022_40,81773.12358333
4540,2022_41,81037.25112500001
4544,2022_42,82608.56087501001
4548,2022_43,81727.02770834
4552,2022_44,81627.32091667
4556,2022_45,80005.179125
4560,2022_46,78835.66829167
4564,2022_47,80345.64295834
4568,2022_48,78020.63379168
4572,2022_49,78432.83854165
4576,2022_5,81872.39629168
4580,2022_50,82071.74741665
4584,2022_51,80260.39779166
4588,2022_52,86867.45829167
4592,2022_6,84170.69966667
4596,2022_7,82307.49554167
4600,2022_8,81073.320625
4604,2022_9,80345.82916667
4608,2023_1,78564.37404166
4612,2023_10,81816.87533333
4616,2023_11,82285.685
4620,2023_12,78255.9025
4624,2023_13,76797.13891666
4628,2023_14,76128.16587499
4632,2023_15,79452.53654167001
4636,2023_16,81134.91816666
4640,2023_17,81796.10387499
4644,2023_18,82012.24029166
4648,2023_19,86622.27899999
4652,2023_2,81552.862
4656,2023_20,83724.53125001
4660,2023_21,82025.79879166
4664,2023_22,83521.374
4668,2023_23,81495.73883333
4672,2023_24,82291.15691667
4676,2023_25,80083.07024999
4680,2023_26,80302.64545834
4684,2023_27,79967.58737499
4688,2023_28,81832.98708334
4692,2023_29,82206.12429166
4696,2023_3,81269.14262499
4700,2023_30,81830.53624999
4704,2023_31,83026.48237499999
4708,2023_32,83118.19179166
4712,2023_33,80289.404375
4716,2023_34,86115.43687501
4720,2023_35,86596.77441667
4724,2023_36,81928.77229166
4728,2023_37,85372.77808333
4732,2023_38,87840.44616667001
4736,2023_39,90302.41529166
4740,2023_4,81964.34116666
4744,2023_40,89800.53225001
4748,2023_41,90301.76083333
4752,2023_42,91758.14566668001
4756,2023_43,93875.80741667
4760,2023_44,93221.65883332
4764,2023_45,91895.41074999
4768,2023_46,96482.51791667
4772,2023_47,96217.05295833
4776,2023_48,94856.30741667
4780,2023_49,94601.43079278
4784,2023_5,82754.768125
4788,2023_50,93744.83
4792,2023_51,89524.63100001
4796,2023_52,100176.80291666
4800,2023_6,83216.41354167
4804,2023_7,84515.86754167
4808,2023_8,79811.19908334
4812,2023_9,82411.3155
4816,2024_1,89502.24170832
4820,2024_10,92606.27550001
4824,2024_11,95668.17370835
4828,2024_12,95800.32949999
4832,2024_13,91794.83325
4836,2024_14,94125.10958334
4840,2024_15,92061.78945833001
4844,2024_16,89485.89345834
4848,2024_17,90348.93229165999
4852,2024_18,89423.55345834
4856,2024_19,90412.789
4860,2024_2,92260.850375
4864,2024_20,91914.43183334
4868,2024_21,89350.84320833
4872,2024_22,85934.95433334
4876,2024_23,87320.49629167
4880,2024_24,85366.05941665
4884,2024_25,85215.288875
4888,2024_26,84524.39158334
4892,2024_27,85767.82925001
4896,2024_28,85208.52641667
4900,2024_29,85327.731
4904,2024_3,93977.21616666
4908,2024_30,85661.78250001
4912,2024_31,88576.65758333
4916,2024_32,88381.65070833
4920,2024_33,90023.92745833
4924,2024_34,91953.75379166
4928,2024_35,89522.1205
4932,2024_36,51919.87154167
4936,2024_4,92436.80583334
4940,2024_5,92248.96266665
4944,2024_6,94768.39554167
4948,2024_7,90516.597125
4952,2024_8,91586.81145833
4956,2024_9,93437.59891668
