,Ano_sem,ear_max_subsistema,ear_verif_subsistema_mwmes,ear_verif_subsistema_percentual
0,2001_1,49967.0,142476.0,35.64375031
4,2001_10,49967.0,128811.0,36.82714298714286
8,2001_11,49967.0,132422.0,37.86000006571429
12,2001_12,49967.0,131759.0,37.671428681428566
16,2001_13,49967.0,130217.0,37.229999542857136
20,2001_14,49967.0,128336.0,36.69142913857143
24,2001_15,49967.0,125954.0,36.01142883285714
28,2001_16,49967.0,121884.0,34.84714235571429
32,2001_17,49967.0,117487.0,33.591429028571426
36,2001_18,49967.0,113880.0,32.55857195142857
40,2001_19,49967.0,109372.0,31.26857158142857
44,2001_2,49967.0,142158.0,40.645713807142855
48,2001_20,49967.0,103759.0,29.665714264285715
52,2001_21,49967.0,99327.0,28.397142954285716
56,2001_22,49967.0,95875.0,27.410000118571425
60,2001_23,49967.0,93525.0,26.74142864857143
64,2001_24,49967.0,91035.0,26.02714266142857
68,2001_25,49967.0,88369.0,25.265714647142858
72,2001_26,49967.0,86275.0,24.665714534285716
76,2001_27,49967.0,83856.0,23.975714002857142
80,2001_28,49967.0,80822.0,23.10714312857143
84,2001_29,49967.0,78341.0,22.397142682857144
88,2001_3,49967.0,145577.0,41.62285723
92,2001_30,49967.0,75390.0,21.55571419857143
96,2001_31,49967.0,72225.0,20.64999989
100,2001_32,49967.0,69156.0,19.771428789999998
104,2001_33,49967.0,65747.0,18.795713968571427
108,2001_34,49967.0,62616.0,17.90142849571429
112,2001_35,49967.0,59217.0,16.931428911428572
116,2001_36,49967.0,55552.0,15.882857185714286
120,2001_37,49967.0,52329.0,14.961428505714284
124,2001_38,49967.0,48378.0,13.831428667142857
128,2001_39,49967.0,44609.0,12.754285675714286
132,2001_4,49967.0,145734.0,41.667143138571426
136,2001_40,49967.0,40961.0,11.710000038571428
140,2001_41,49967.0,37043.0,10.590000152857144
144,2001_42,49967.0,34402.0,9.834285737142858
148,2001_43,49967.0,31489.0,9.002857344285713
152,2001_44,49967.0,29408.0,8.408571515714286
156,2001_45,49967.0,27338.0,7.815714425714286
160,2001_46,49967.0,25673.0,7.338571412857143
164,2001_47,49967.0,25961.0,7.422857217142857
168,2001_48,49967.0,27322.0,7.8100000114285715
172,2001_49,49967.0,31226.0,8.927142824285713
176,2001_5,49967.0,144533.0,41.32428632571428
180,2001_50,49967.0,34882.0,9.974285805714286
184,2001_51,49967.0,39981.0,11.431428499999999
188,2001_52,49967.0,44322.0,12.671428544285714
192,2001_6,49967.0,143556.0,41.04285703428571
196,2001_7,49967.0,140153.0,40.06999969571429
200,2001_8,49967.0,135904.0,38.857142857142854
204,2001_9,49967.0,132688.0,37.93571472142857
208,2002_1,49967.0,69848.0,17.4737502325
212,2002_10,49967.0,205127.0,58.648570469999996
216,2002_11,49967.0,213602.0,61.07000024
220,2002_12,49967.0,217489.0,62.179999214285715
224,2002_13,49967.0,221137.0,63.22428621428571
228,2002_14,49967.0,224975.0,64.31999915
232,2002_15,49967.0,229948.0,65.74428558285715
236,2002_16,49967.0,231051.0,66.05856977142857
240,2002_17,49967.0,230648.0,65.94285692571428
244,2002_18,49967.0,228457.0,65.31714303142857
248,2002_19,49967.0,225749.0,64.54428536714286
252,2002_2,49967.0,79217.0,22.64999989
256,2002_20,49967.0,221965.0,63.46142796
260,2002_21,49967.0,217873.0,62.29142815857143
264,2002_22,49967.0,213712.0,61.10000010714286
268,2002_23,49967.0,210384.0,60.14857156
272,2002_24,49967.0,205715.0,58.815713609999996
276,2002_25,49967.0,201150.0,57.50999941142857
280,2002_26,49967.0,196255.0,56.11142839714286
284,2002_27,49967.0,192155.0,54.937143052857145
288,2002_28,49967.0,187779.0,53.687143052857145
292,2002_29,49967.0,182567.0,52.19857188571429
296,2002_3,49967.0,98748.0,28.232857295714286
300,2002_30,49967.0,176560.0,50.48000008857143
304,2002_31,49967.0,171589.0,49.05857140714286
308,2002_32,49967.0,165344.0,47.27285766714285
312,2002_33,49967.0,159801.0,45.687143598571424
316,2002_34,49967.0,153454.0,43.87428556571428
320,2002_35,49967.0,146962.0,42.015714374285714
324,2002_36,49967.0,139067.0,39.75857162571429
328,2002_37,49967.0,131180.0,37.50571387142857
332,2002_38,49967.0,124380.0,35.56142861428572
336,2002_39,49967.0,117869.0,33.69857134285714
340,2002_4,49967.0,118279.0,33.8157147
344,2002_40,49967.0,112094.0,32.047143118571434
348,2002_41,49967.0,106003.0,30.30571419714286
352,2002_42,49967.0,99422.0,28.425714218571425
356,2002_43,49967.0,92206.0,26.362857274285716
360,2002_44,49967.0,84981.0,24.294285911428574
364,2002_45,49967.0,79326.0,22.68142836285714
368,2002_46,49967.0,73384.0,20.98142841857143
372,2002_47,49967.0,69839.0,19.96714265
376,2002_48,49967.0,65297.0,18.668571472857142
380,2002_49,49967.0,60455.0,17.284286225714286
384,2002_5,49967.0,129986.0,37.16285650714286
388,2002_50,49967.0,58584.0,16.751428604285714
392,2002_51,49967.0,57703.0,16.498571395714286
396,2002_52,49967.0,59395.0,16.981428417142858
400,2002_6,49967.0,145616.0,41.632856641428575
404,2002_7,49967.0,159057.0,45.47428566857143
408,2002_8,49967.0,175395.0,50.145714895714285
412,2002_9,49967.0,193134.0,55.218571252857146
416,2003_1,49967.0,68386.0,17.10874986625
420,2003_10,49967.0,157087.0,44.91428593142857
424,2003_11,49967.0,157295.0,44.96999958714286
428,2003_12,49967.0,161375.0,46.140000480000005
432,2003_13,49967.0,168715.0,48.237142291428576
436,2003_14,49967.0,173523.0,49.61142948857143
440,2003_15,49967.0,180398.0,51.57571356571429
444,2003_16,49967.0,183580.0,52.488571712857144
448,2003_17,49967.0,183984.0,52.60428564857143
452,2003_18,49967.0,183644.0,52.50571441571429
456,2003_19,49967.0,181992.0,52.03142874428572
460,2003_2,49967.0,73335.0,20.96714292142857
464,2003_20,49967.0,179247.0,51.24857112285714
468,2003_21,49967.0,177437.0,50.72857175285714
472,2003_22,49967.0,174505.0,49.89428547428572
476,2003_23,49967.0,170211.0,48.66571426285714
480,2003_24,49967.0,167398.0,47.85857173428571
484,2003_25,49967.0,164628.0,47.067143030000004
488,2003_26,49967.0,161647.0,46.215714045714286
492,2003_27,49967.0,157727.0,45.09428569285715
496,2003_28,49967.0,154245.0,44.10000065571428
500,2003_29,49967.0,150009.0,42.88714272714286
504,2003_3,49967.0,82052.0,23.457142965714286
508,2003_30,49967.0,145997.0,41.74000004285715
512,2003_31,49967.0,141322.0,40.40428597571429
516,2003_32,49967.0,136897.0,39.13999939
520,2003_33,49967.0,132152.0,37.78142874571428
524,2003_34,49967.0,127128.0,36.34714235285715
528,2003_35,49967.0,122287.0,34.964285167142855
532,2003_36,49967.0,116854.0,33.40857097
536,2003_37,49967.0,111987.0,32.01857158285714
540,2003_38,49967.0,106461.0,30.437142781428573
544,2003_39,49967.0,100798.0,28.821428298571426
548,2003_4,49967.0,95921.0,27.42428589
552,2003_40,49967.0,94165.0,26.92428589
556,2003_41,49967.0,87410.0,24.990000042857144
560,2003_42,49967.0,79961.0,22.861428668571428
564,2003_43,49967.0,73648.0,21.05714253
568,2003_44,49967.0,68206.0,19.499999725714286
572,2003_45,49967.0,63163.0,18.05999974
576,2003_46,49967.0,58294.0,16.66714286857143
580,2003_47,49967.0,53787.0,15.379999975714286
584,2003_48,49967.0,49584.0,14.17571422
588,2003_49,49967.0,47366.0,13.542857032857142
592,2003_5,49967.0,113118.0,32.33999988142857
596,2003_50,49967.0,47758.0,13.655714305714286
600,2003_51,49967.0,47078.0,13.458571705714286
604,2003_52,49967.0,47761.0,13.658571517142857
608,2003_6,49967.0,130311.0,37.257142202857146
612,2003_7,49967.0,141948.0,40.582856858571425
616,2003_8,49967.0,150055.0,42.90142822142857
620,2003_9,49967.0,153950.0,44.01571437142858
624,2004_1,49967.0,27781.0,13.8999998575
628,2004_10,49967.0,205295.0,58.6942858
632,2004_11,49967.0,229665.0,65.66428538714285
636,2004_12,49967.0,255425.0,73.02428654285714
640,2004_13,49967.0,277674.0,79.38999938714286
644,2004_14,49967.0,292934.0,83.75142887571428
648,2004_15,49967.0,307949.0,88.04571424142857
652,2004_16,49967.0,323341.0,92.44428580142858
656,2004_17,49967.0,332267.0,94.99571554857143
660,2004_18,49967.0,340387.0,97.31714303
664,2004_19,49967.0,340586.0,97.37571498428572
668,2004_2,49967.0,50727.0,14.504285811428572
672,2004_20,49967.0,340591.0,97.37714277142857
676,2004_21,49967.0,340244.0,97.27714211571428
680,2004_22,49967.0,339759.0,97.13714272428571
684,2004_23,49967.0,338705.0,96.83571406714285
688,2004_24,49967.0,337700.0,96.54857308714286
692,2004_25,50453.0,338684.0,96.16285705571428
696,2004_26,50453.0,337991.0,95.70142909571429
700,2004_27,50453.0,335295.0,94.93857247571428
704,2004_28,50453.0,331615.0,93.89714268142858
708,2004_29,50453.0,328614.0,93.04714203
712,2004_3,49967.0,63866.0,18.259999957142856
716,2004_30,50453.0,324446.0,91.86714281285715
720,2004_31,50453.0,320502.0,90.74857112285714
724,2004_32,50453.0,315224.0,89.25428444857143
728,2004_33,50453.0,308493.0,87.34857286857142
732,2004_34,50453.0,303600.0,85.96428680428572
736,2004_35,50453.0,298598.0,84.54857199428571
740,2004_36,50453.0,290443.0,82.23857116857143
744,2004_37,50453.0,282516.0,79.99428667428572
748,2004_38,50453.0,275078.0,77.88714272571428
752,2004_39,50453.0,267227.0,75.66428484142857
756,2004_4,49967.0,83981.0,24.010000502857142
760,2004_40,50453.0,259276.0,73.41285596428573
764,2004_41,50453.0,253090.0,71.66285705571428
768,2004_42,50453.0,244327.0,69.18142918142857
772,2004_43,50453.0,235662.0,66.72714342285714
776,2004_44,50453.0,228964.0,64.83285794999999
780,2004_45,50453.0,221751.0,62.790000369999994
784,2004_46,50453.0,214939.0,60.86142839714286
788,2004_47,50453.0,208882.0,59.14428602142857
792,2004_48,50453.0,203400.0,57.59428623857143
796,2004_49,50453.0,198454.0,56.19142805
800,2004_5,49967.0,112138.0,32.060000009999996
804,2004_50,50453.0,194423.0,55.051428658571425
808,2004_51,50757.0,195627.0,55.19999967285714
812,2004_52,50757.0,198410.0,55.84142902999999
816,2004_53,50757.0,147660.0,58.18399887
820,2004_6,49967.0,127922.0,36.57142802714286
824,2004_7,49967.0,141244.0,40.38142776428572
828,2004_8,49967.0,157568.0,45.04857090571428
832,2004_9,49967.0,179927.0,51.44000026285715
836,2005_1,50757.0,219281.0,61.719999585714284
840,2005_10,50757.0,304872.0,85.80714307714285
844,2005_11,50757.0,310331.0,87.34285845285714
848,2005_12,50757.0,317706.0,89.41857147142856
852,2005_13,50757.0,327814.0,92.26285771
856,2005_14,50757.0,336286.0,94.64714268285715
860,2005_15,50757.0,346565.0,97.54142761142857
864,2005_16,50757.0,347961.0,97.93428584285714
868,2005_17,50757.0,348243.0,98.01285662
872,2005_18,50757.0,349620.0,98.40000043428572
876,2005_19,50757.0,347805.0,97.89142826571428
880,2005_2,50757.0,229646.0,64.63285609714286
884,2005_20,50757.0,345861.0,97.34428623857143
888,2005_21,50757.0,343235.0,96.60571507142858
892,2005_22,50757.0,340911.0,95.94999912714286
896,2005_23,50757.0,339201.0,95.46857125285715
900,2005_24,50757.0,336374.0,94.67428697857143
904,2005_25,50757.0,331670.0,93.35000065428572
908,2005_26,50757.0,326399.0,91.8657139357143
912,2005_27,50757.0,321141.0,90.38714272714286
916,2005_28,50757.0,315799.0,88.88285718571429
920,2005_29,50757.0,310199.0,87.30714198428572
924,2005_3,50757.0,238021.0,66.99285670714286
928,2005_30,50757.0,304304.0,85.64714159142856
932,2005_31,50757.0,299780.0,84.37285723142857
936,2005_32,50757.0,292490.0,82.31999969285714
940,2005_33,50757.0,286156.0,80.53714316142857
944,2005_34,50757.0,279416.0,78.6414293557143
948,2005_35,50757.0,272873.0,76.80142757
952,2005_36,50757.0,265396.0,74.69571358857142
956,2005_37,50757.0,256586.0,72.21857125571428
960,2005_38,50757.0,250031.0,70.37285832
964,2005_39,50757.0,241877.0,68.07857077428572
968,2005_4,50757.0,247101.0,69.54714311857143
972,2005_40,50757.0,232882.0,65.54428427428572
976,2005_41,50757.0,224322.0,63.13714272714286
980,2005_42,50757.0,216018.0,60.80142920428572
984,2005_43,50757.0,207911.0,58.517142705714285
988,2005_44,50757.0,201252.0,56.64285714142857
992,2005_45,50757.0,194209.0,54.66142872428571
996,2005_46,50757.0,190030.0,53.48285674857143
1000,2005_47,50757.0,187698.0,52.82714298857143
1004,2005_48,50757.0,190800.0,53.69999967285714
1008,2005_49,50757.0,196838.0,55.40285655428572
1012,2005_5,50757.0,259676.0,73.08571406571428
1016,2005_50,50757.0,212885.0,59.91857201714286
1020,2005_51,50757.0,225423.0,63.448571341428575
1024,2005_52,50757.0,201818.0,66.268333435
1028,2005_53,50757.0,60323.0,59.424999235
1032,2005_6,50757.0,269158.0,75.75428444857143
1036,2005_7,50757.0,281620.0,79.26142665285714
1040,2005_8,50757.0,289412.0,81.45571354428571
1044,2005_9,50757.0,297704.0,83.79000091571427
1048,2006_1,50757.0,248485.0,69.93571363285714
1052,2006_10,50757.0,279998.0,78.80571419714286
1056,2006_11,50757.0,290116.0,81.65428597571429
1060,2006_12,50757.0,300744.0,84.64571489714285
1064,2006_13,50757.0,317752.0,89.43142809142857
1068,2006_14,50757.0,332554.0,93.59857177571429
1072,2006_15,50757.0,344136.0,96.85714394571428
1076,2006_16,50757.0,350831.0,98.74285670714286
1080,2006_17,50757.0,352159.0,99.11714281285715
1084,2006_18,50757.0,352211.0,99.13142831
1088,2006_19,50757.0,351061.0,98.80857304142857
1092,2006_2,50757.0,261568.0,73.61857169
1096,2006_20,50757.0,347265.0,97.74000113428572
1100,2006_21,50757.0,344889.0,97.06999969428571
1104,2006_22,50757.0,342751.0,96.46857125285715
1108,2006_23,50757.0,337764.0,95.0671430342857
1112,2006_24,50757.0,333885.0,93.97285679428572
1116,2006_25,50757.0,328919.0,92.57714298857142
1120,2006_26,50757.0,323649.0,91.09142739428572
1124,2006_27,50757.0,317211.0,89.27999987
1128,2006_28,50757.0,311401.0,87.6457138057143
1132,2006_29,50757.0,304690.0,85.75428444857143
1136,2006_3,50757.0,269912.0,75.96714455714286
1140,2006_30,50757.0,298013.0,83.8800016142857
1144,2006_31,50757.0,290131.0,81.65714263857141
1148,2006_32,50757.0,282388.0,79.47714124571428
1152,2006_33,50757.0,275192.0,77.45428684857143
1156,2006_34,50757.0,266243.0,74.93428584428571
1160,2006_35,50757.0,257763.0,72.54714311857143
1164,2006_36,50757.0,249547.0,70.23714229142857
1168,2006_37,50757.0,240025.0,67.55428641142858
1172,2006_38,50757.0,231368.0,65.12142726428571
1176,2006_39,50757.0,221240.0,62.26857158
1180,2006_4,50757.0,275281.0,77.48000008714287
1184,2006_40,51766.0,213330.0,59.04142870285715
1188,2006_41,51766.0,205777.0,56.790000368571434
1192,2006_42,51766.0,198800.0,54.86285727285714
1196,2006_43,51766.0,193588.0,53.42428589
1200,2006_44,51766.0,190266.0,52.50714329428571
1204,2006_45,51766.0,188643.0,52.05999973714285
1208,2006_46,51766.0,187644.0,51.782856530000004
1212,2006_47,51766.0,191489.0,52.844285691428574
1216,2006_48,51766.0,192772.0,53.19999967285714
1220,2006_49,51766.0,194342.0,53.63142831
1224,2006_5,50757.0,276223.0,77.74428449285713
1228,2006_50,51766.0,204708.0,56.49142837428571
1232,2006_51,51766.0,214259.0,59.13000052428571
1236,2006_52,51766.0,255377.0,61.83249950375
1240,2006_6,50757.0,275087.0,77.42285701142858
1244,2006_7,50757.0,276034.0,77.68999917142857
1248,2006_8,50757.0,276637.0,77.86285618285714
1252,2006_9,50757.0,278116.0,78.2785720842857
1256,2007_1,51766.0,246336.0,59.4837505825
1260,2007_10,51766.0,310991.0,85.82285745
1264,2007_11,51766.0,318447.0,87.88000161285716
1268,2007_12,51766.0,332414.0,91.73428562571429
1272,2007_13,51766.0,342279.0,94.45714242285715
1276,2007_14,51766.0,347712.0,95.95857020857143
1280,2007_15,51766.0,349005.0,96.31428418857142
1284,2007_16,51766.0,347070.0,95.77857208142858
1288,2007_17,51766.0,347449.0,95.88428497428572
1292,2007_18,51766.0,347355.0,95.8585706442857
1296,2007_19,51766.0,343815.0,94.88142722142857
1300,2007_2,51766.0,244687.0,67.52571433
1304,2007_20,51766.0,340036.0,93.83857182142857
1308,2007_21,51766.0,335679.0,92.63857051285716
1312,2007_22,51766.0,329603.0,90.95857020714286
1316,2007_23,51766.0,323518.0,89.2814276557143
1320,2007_24,51766.0,316818.0,87.43285696857143
1324,2007_25,51766.0,310039.0,85.55999974
1328,2007_26,51766.0,304551.0,84.04714312
1332,2007_27,51766.0,296344.0,81.78142874571428
1336,2007_28,51766.0,288608.0,79.64571489571428
1340,2007_29,51766.0,280448.0,77.39428602
1344,2007_3,51766.0,259411.0,71.58857182142857
1348,2007_30,51766.0,272153.0,75.10714285571429
1352,2007_31,51766.0,265616.0,73.30142865857144
1356,2007_32,51766.0,259913.0,71.72999899571428
1360,2007_33,51766.0,253354.0,69.9171425942857
1364,2007_34,51766.0,246735.0,68.09142848428571
1368,2007_35,51766.0,239635.0,66.13142831
1372,2007_36,51766.0,228593.0,63.08571406714286
1376,2007_37,51766.0,219164.0,60.48142841857143
1380,2007_38,51766.0,209927.0,57.934285301428574
1384,2007_39,51766.0,200105.0,55.22142900714285
1388,2007_4,51766.0,272427.0,75.17999921571428
1392,2007_40,51766.0,189096.0,52.18571526714286
1396,2007_41,51766.0,177941.0,49.10571398142857
1400,2007_42,51766.0,167137.0,46.12428610714286
1404,2007_43,51766.0,156003.0,43.05285644571428
1408,2007_44,51766.0,144716.0,39.938570840000004
1412,2007_45,51766.0,132632.0,36.60142844
1416,2007_46,51766.0,123004.0,33.94571413285714
1420,2007_47,51766.0,115510.0,31.87857083
1424,2007_48,51766.0,107602.0,29.694285530000002
1428,2007_49,51766.0,101126.0,27.90714291142857
1432,2007_5,51766.0,283727.0,78.30142865857144
1436,2007_50,51766.0,98445.0,27.16714232142857
1440,2007_51,51766.0,96816.0,26.718571255714288
1444,2007_52,51766.0,97401.0,26.879999704285716
1448,2007_6,51766.0,289339.0,79.84857177857143
1452,2007_7,51766.0,294424.0,81.25142887714286
1456,2007_8,51766.0,302223.0,83.40285709857143
1460,2007_9,51766.0,307972.0,84.98857116714285
1464,2008_1,51766.0,151949.0,32.614444096666666
1468,2008_10,51766.0,181894.0,50.195714678571434
1472,2008_11,51766.0,192446.0,53.10714231142857
1476,2008_12,51766.0,211345.0,58.32571465428572
1480,2008_13,51766.0,228871.0,63.16142872285714
1484,2008_14,51766.0,252615.0,69.71285574571428
1488,2008_15,51766.0,271851.0,75.02142878857144
1492,2008_16,51766.0,282869.0,78.06285640285715
1496,2008_17,51766.0,291600.0,80.47428566857143
1500,2008_18,51766.0,296666.0,81.87000056857143
1504,2008_19,51766.0,298875.0,82.48142787285714
1508,2008_2,51766.0,98387.0,27.152857098571427
1512,2008_20,51766.0,299972.0,82.78285762142858
1516,2008_21,51766.0,299328.0,82.60428510142857
1520,2008_22,51766.0,298204.0,82.29714202857143
1524,2008_23,51766.0,296517.0,81.83142852857144
1528,2008_24,51766.0,293641.0,81.03571428571429
1532,2008_25,51766.0,290133.0,80.06714303
1536,2008_26,51766.0,286506.0,79.06714194142857
1540,2008_27,51766.0,283371.0,78.20142800428572
1544,2008_28,51766.0,279987.0,77.26857321571428
1548,2008_29,51766.0,276140.0,76.20428684714285
1552,2008_3,51766.0,98459.0,27.170000075714285
1556,2008_30,51766.0,271361.0,74.88571275857143
1560,2008_31,51766.0,265859.0,73.36714172428572
1564,2008_32,51766.0,259322.0,71.56428527714286
1568,2008_33,51766.0,251214.0,69.32857186571428
1572,2008_34,51766.0,242774.0,66.99857112428572
1576,2008_35,51766.0,235893.0,65.09857177714285
1580,2008_36,51766.0,227373.0,62.74714279142857
1584,2008_37,51766.0,220176.0,60.76142828857143
1588,2008_38,51766.0,212119.0,58.53571373857143
1592,2008_39,51766.0,204480.0,56.42999976
1596,2008_4,51766.0,101228.0,27.937143054285713
1600,2008_40,51766.0,197573.0,54.522857120000005
1604,2008_41,51766.0,189279.0,52.23428508
1608,2008_42,51766.0,178943.0,49.381428854285716
1612,2008_43,51766.0,169225.0,46.70142855142857
1616,2008_44,51766.0,159602.0,44.04571424285714
1620,2008_45,51766.0,149243.0,41.18571363142858
1624,2008_46,51766.0,141023.0,38.91857147
1628,2008_47,51766.0,135340.0,37.34714235571429
1632,2008_48,51766.0,132173.0,36.47571400428571
1636,2008_49,51766.0,132648.0,36.605715069999995
1640,2008_5,51766.0,111439.0,30.754286084285717
1644,2008_50,51766.0,132921.0,36.68142863714286
1648,2008_51,51766.0,134158.0,37.022856575714286
1652,2008_52,51766.0,147039.0,40.57571465714285
1656,2008_6,51766.0,127810.0,35.26857157857143
1660,2008_7,51766.0,145208.0,40.07142802571428
1664,2008_8,51766.0,160979.0,44.425714219999996
1668,2008_9,51766.0,173260.0,47.81428582428571
1672,2009_1,51766.0,95827.0,46.27750015
1676,2009_10,51766.0,288876.0,79.72142791857142
1680,2009_11,51766.0,295675.0,81.59571402428571
1684,2009_12,51766.0,301457.0,83.1928580142857
1688,2009_13,51766.0,305916.0,84.42285701285714
1692,2009_14,51766.0,310284.0,85.62857273428573
1696,2009_15,51766.0,320916.0,88.56571415285714
1700,2009_16,51766.0,336414.0,92.83857182142857
1704,2009_17,51766.0,349034.0,96.32142966285714
1708,2009_18,51766.0,356837.0,98.47571454857143
1712,2009_19,51766.0,359472.0,99.20142909428571
1716,2009_2,51766.0,179011.0,49.40000043571428
1720,2009_20,51766.0,359797.0,99.29285648857142
1724,2009_21,51766.0,359522.0,99.21714346857142
1728,2009_22,51766.0,356782.0,98.46142796142858
1732,2009_23,51766.0,354539.0,97.83857182
1736,2009_24,51766.0,349242.0,96.37999943285715
1740,2009_25,51766.0,344612.0,95.10285622714287
1744,2009_26,51766.0,341561.0,94.26142883428572
1748,2009_27,51766.0,336090.0,92.75
1752,2009_28,51766.0,331337.0,91.43857138428572
1756,2009_29,51766.0,324598.0,89.5785718642857
1760,2009_3,51766.0,191323.0,52.79857199571428
1764,2009_30,51766.0,316472.0,87.33714294428572
1768,2009_31,51766.0,309046.0,85.28571428428572
1772,2009_32,51766.0,303268.0,83.69428580285714
1776,2009_33,51766.0,295321.0,81.49857112428572
1780,2009_34,51766.0,288882.0,79.72142791714285
1784,2009_35,51766.0,282285.0,77.9028571
1788,2009_36,51766.0,276732.0,76.36857278142858
1792,2009_37,51766.0,270861.0,74.74857112142857
1796,2009_38,51766.0,265091.0,73.15857042714286
1800,2009_39,51766.0,257360.0,71.02285766714286
1804,2009_4,51766.0,208087.0,57.427142551428574
1808,2009_40,51766.0,248951.0,68.70142909428571
1812,2009_41,51766.0,241749.0,66.71428571571428
1816,2009_42,51766.0,236327.0,65.21857125571428
1820,2009_43,51766.0,230113.0,63.50571496142857
1824,2009_44,51766.0,229524.0,63.34000015142857
1828,2009_45,51766.0,228547.0,63.07142857142857
1832,2009_46,51766.0,229834.0,63.42571476571429
1836,2009_47,51766.0,230105.0,63.501427785714284
1840,2009_48,51766.0,226325.0,62.45714296714285
1844,2009_49,51766.0,221824.0,61.21714292285714
1848,2009_5,51766.0,225253.0,62.15999984857143
1852,2009_50,51766.0,223186.0,61.59142902857143
1856,2009_51,51766.0,226186.0,62.42000035
1860,2009_52,51766.0,229852.0,63.43142754571428
1864,2009_53,51766.0,134544.0,64.977499005
1868,2009_6,51766.0,236393.0,65.23714337857143
1872,2009_7,51766.0,246499.0,68.02571433
1876,2009_8,51766.0,260722.0,71.95142909571429
1880,2009_9,51766.0,275529.0,76.03714425142857
1884,2010_1,51766.0,244474.0,67.46714237714285
1888,2010_10,51809.0,252992.0,69.76000213714285
1892,2010_11,51809.0,255799.0,70.53428540857144
1896,2010_12,51809.0,261537.0,72.11571284571428
1900,2010_13,51809.0,265184.0,73.12142726285715
1904,2010_14,51809.0,271216.0,74.78571319571428
1908,2010_15,51809.0,277232.0,76.44285801571428
1912,2010_16,51809.0,280736.0,77.41142817857143
1916,2010_17,51809.0,280057.0,77.22285788428572
1920,2010_18,51809.0,277482.0,76.51142883285715
1924,2010_19,51809.0,274262.0,75.62571607428572
1928,2010_2,51766.0,252113.0,69.57571302285714
1932,2010_20,51809.0,270897.0,74.69714355571429
1936,2010_21,51809.0,267269.0,73.69571249857142
1940,2010_22,51809.0,264993.0,73.06714194
1944,2010_23,51809.0,261310.0,72.05428532285714
1948,2010_24,51809.0,257861.0,71.09999956285715
1952,2010_25,51809.0,256182.0,70.64000048
1956,2010_26,51809.0,253118.0,69.79428645428571
1960,2010_27,51809.0,248459.0,68.51142883285715
1964,2010_28,51809.0,244068.0,67.29857199714286
1968,2010_29,51809.0,237722.0,65.54999978285714
1972,2010_3,51766.0,257328.0,71.01571437285715
1976,2010_30,51809.0,231289.0,63.77571432999999
1980,2010_31,51809.0,226279.0,62.39285768857143
1984,2010_32,51809.0,221260.0,61.00999995714285
1988,2010_33,51809.0,215463.0,59.41142872428571
1992,2010_34,51809.0,209264.0,57.70285688
1996,2010_35,51809.0,201141.0,55.46428516714286
2000,2010_36,51809.0,194584.0,53.65428597571429
2004,2010_37,51809.0,187563.0,51.719999585714284
2008,2010_38,51809.0,181782.0,50.12285668571428
2012,2010_39,51809.0,174896.0,48.22571454714286
2016,2010_4,51766.0,258754.0,71.40857042714286
2020,2010_40,51809.0,165052.0,45.50999995428572
2024,2010_41,51809.0,156491.0,43.14999989142857
2028,2010_42,51809.0,150901.0,41.610000067142856
2032,2010_43,51809.0,146856.0,40.49428558285714
2036,2010_44,51809.0,143370.0,39.53285653285714
2040,2010_45,51809.0,140540.0,38.75428499428572
2044,2010_46,51809.0,142530.0,39.30000032714286
2048,2010_47,51809.0,143474.0,39.561428615714284
2052,2010_48,51809.0,142868.0,39.39285659714285
2056,2010_49,51809.0,145070.0,39.999999998571425
2060,2010_5,51766.0,257431.0,71.04142870142857
2064,2010_50,51809.0,152721.0,42.11000115428572
2068,2010_51,51809.0,157049.0,43.30571365142857
2072,2010_52,51809.0,115218.0,44.47800064
2076,2010_53,51766.0,102955.0,66.29666392
2080,2010_6,51766.0,255753.0,70.57857077428572
2084,2010_7,51766.0,251437.0,69.38714272714286
2088,2010_8,51766.0,247268.0,68.23714338
2092,2010_9,51809.0,249321.0,68.76428549571429
2096,2011_1,51809.0,174631.0,48.15142822285714
2100,2011_10,51809.0,232847.0,64.20428630142858
2104,2011_11,51809.0,249101.0,68.68714359857142
2108,2011_12,51809.0,263362.0,72.61857169
2112,2011_13,51809.0,275798.0,76.04714203
2116,2011_14,51809.0,288496.0,79.54999978285714
2120,2011_15,51809.0,302149.0,83.31571415428571
2124,2011_16,51809.0,314464.0,86.71285792857144
2128,2011_17,51809.0,323046.0,89.07571411142858
2132,2011_18,51809.0,327272.0,90.24142891857143
2136,2011_19,51809.0,328827.0,90.66857365285715
2140,2011_2,51809.0,186716.0,51.48571450285714
2144,2011_20,51809.0,328795.0,90.66285814571428
2148,2011_21,51809.0,327454.0,90.29142870142857
2152,2011_22,51809.0,326168.0,89.9385713857143
2156,2011_23,51809.0,322013.0,88.79428536571429
2160,2011_24,51809.0,317928.0,87.66571589857143
2164,2011_25,51809.0,313594.0,86.46999904142857
2168,2011_26,51809.0,310519.0,85.62285614
2172,2011_27,51809.0,305045.0,84.11428723857144
2176,2011_28,51809.0,301360.0,83.09714290142857
2180,2011_29,51809.0,296799.0,81.83857291142856
2184,2011_3,51809.0,199708.0,55.06571415571428
2188,2011_30,51809.0,290804.0,80.18571581142858
2192,2011_31,51809.0,283741.0,78.23714338142858
2196,2011_32,51809.0,274882.0,75.79714202857143
2200,2011_33,51809.0,267949.0,73.88285718571429
2204,2011_34,51809.0,261709.0,72.16428593285714
2208,2011_35,51809.0,254091.0,70.06285749142857
2212,2011_36,51809.0,246336.0,67.92428479857143
2216,2011_37,51809.0,236337.0,65.16571262857143
2220,2011_38,51809.0,229010.0,63.147142681428576
2224,2011_39,51809.0,220539.0,60.811428615714284
2228,2011_4,51809.0,211389.0,58.288570948571426
2232,2011_40,51809.0,210738.0,58.10857173428571
2236,2011_41,51809.0,202037.0,55.710000175714285
2240,2011_42,51809.0,194916.0,53.74714333714286
2244,2011_43,51809.0,188741.0,52.04285757857143
2248,2011_44,51809.0,183282.0,50.537143164285716
2252,2011_45,51809.0,177796.0,49.02428545285714
2256,2011_46,51809.0,171224.0,47.21428571571429
2260,2011_47,51809.0,167445.0,46.171428680000005
2264,2011_48,51809.0,167792.0,46.267142705714285
2268,2011_49,51809.0,169550.0,46.751427785714284
2272,2011_5,51809.0,219975.0,60.65857206
2276,2011_50,51809.0,176865.0,48.770000458571424
2280,2011_51,51809.0,191376.0,52.770000458571424
2284,2011_52,51809.0,221457.0,53.431250095
2288,2011_6,51809.0,221908.0,61.191428048571424
2292,2011_7,51809.0,220218.0,60.722857341428565
2296,2011_8,51809.0,219197.0,60.44285746714286
2300,2011_9,51809.0,222429.0,61.33285740428572
2304,2012_1,51809.0,236654.0,57.0974996075
2308,2012_10,51809.0,305379.0,84.20428575857143
2312,2012_11,51809.0,301206.0,83.05428641285714
2316,2012_12,51809.0,298786.0,82.38714163714285
2320,2012_13,51809.0,298004.0,82.17000034857142
2324,2012_14,51809.0,300419.0,82.83857291000001
2328,2012_15,51809.0,298201.0,82.22428458142858
2332,2012_16,51809.0,294271.0,81.14285823285715
2336,2012_17,51809.0,288715.0,79.61000061142856
2340,2012_18,51809.0,282970.0,78.02571432857142
2344,2012_19,51809.0,277311.0,76.46571349857143
2348,2012_2,51809.0,232109.0,64.00142887714286
2352,2012_20,51809.0,272419.0,75.11714281285715
2356,2012_21,51809.0,267897.0,73.87000056714285
2360,2012_22,51809.0,263158.0,72.56285749142857
2364,2012_23,51809.0,257261.0,70.93857138428572
2368,2012_24,51809.0,252510.0,69.62714386142856
2372,2012_25,51809.0,247198.0,68.16285596714286
2376,2012_26,51809.0,240798.0,66.39571380571428
2380,2012_27,51809.0,235532.0,64.94571467857143
2384,2012_28,51809.0,232299.0,64.05428532
2388,2012_29,51809.0,227420.0,62.70857129714285
2392,2012_3,51809.0,240557.0,66.32999965142857
2396,2012_30,51809.0,221903.0,61.18714305142857
2400,2012_31,51809.0,215972.0,59.55285699
2404,2012_32,51809.0,208374.0,57.455714088571426
2408,2012_33,51809.0,201460.0,55.54999978285714
2412,2012_34,51809.0,194254.0,53.5628564
2416,2012_35,51809.0,188733.0,52.039999824285715
2420,2012_36,51809.0,181574.0,50.067141941428574
2424,2012_37,51809.0,173501.0,47.84142902999999
2428,2012_38,51809.0,163429.0,45.06428527857143
2432,2012_39,51809.0,155840.0,42.972856792857144
2436,2012_4,51809.0,250495.0,69.07142857142857
2440,2012_40,51809.0,148085.0,40.83142852714286
2444,2012_41,51809.0,140291.0,38.68428584428572
2448,2012_42,51809.0,134098.0,36.97571455
2452,2012_43,51809.0,127529.0,35.165714265714286
2456,2012_44,51809.0,122269.0,33.714285714285715
2460,2012_45,51809.0,117955.0,32.52571378428571
2464,2012_46,51809.0,116728.0,32.187143052857145
2468,2012_47,51809.0,118699.0,32.73142841714286
2472,2012_48,51809.0,123777.0,34.13142776285714
2476,2012_49,51809.0,123689.0,34.105714524285716
2480,2012_5,51809.0,264673.0,72.9800000857143
2484,2012_50,51809.0,122988.0,33.91142926857143
2488,2012_51,51809.0,121708.0,33.55857140714286
2492,2012_52,51809.0,148289.0,35.77750015125
2496,2012_6,51809.0,279554.0,77.08428519142856
2500,2012_7,51809.0,294486.0,81.20142800428572
2504,2012_8,51809.0,305093.0,84.12571498285715
2508,2012_9,51809.0,307287.0,84.73142787428571
2512,2013_1,51809.0,131432.0,31.7099998
2516,2013_10,51809.0,151034.0,41.64571380571429
2520,2013_11,51809.0,151228.0,41.69999967285714
2524,2013_12,51809.0,151387.0,41.74285670857143
2528,2013_13,51809.0,153702.0,42.38285664285714
2532,2013_14,51809.0,155897.0,42.987142291428576
2536,2013_15,51809.0,161999.0,44.669999804285716
2540,2013_16,51809.0,167930.0,46.30571528714285
2544,2013_17,51809.0,172891.0,47.67285701142857
2548,2013_18,51809.0,177008.0,48.808571951428576
2552,2013_19,51809.0,178620.0,49.249999998571425
2556,2013_2,51809.0,107470.0,29.634285518571428
2560,2013_20,51809.0,177839.0,49.038570948571426
2564,2013_21,51809.0,176582.0,48.691428048571424
2568,2013_22,51809.0,175680.0,48.441428048571424
2572,2013_23,51809.0,174802.0,48.198571341428575
2576,2013_24,51809.0,173441.0,47.82428523428571
2580,2013_25,51809.0,171994.0,47.425714219999996
2584,2013_26,51809.0,169143.0,46.64142935571429
2588,2013_27,51809.0,166208.0,45.83000074
2592,2013_28,51809.0,163102.0,44.975714002857146
2596,2013_29,51809.0,159436.0,43.962857927142856
2600,2013_3,51809.0,107429.0,29.622856957142858
2604,2013_30,51809.0,153867.0,42.42857142857143
2608,2013_31,51809.0,149111.0,41.115714481428576
2612,2013_32,51809.0,145330.0,40.07428577857143
2616,2013_33,51809.0,141890.0,39.125713347142856
2620,2013_34,51809.0,137994.0,38.051428112857145
2624,2013_35,51809.0,134079.0,36.972856791428576
2628,2013_36,51809.0,128147.0,35.33428573714286
2632,2013_37,51809.0,123919.0,34.168571472857145
2636,2013_38,51809.0,119411.0,32.92428479714285
2640,2013_39,51809.0,113738.0,31.362856728571426
2644,2013_4,51809.0,111141.0,30.644285747142856
2648,2013_40,51809.0,108467.0,29.907142911428572
2652,2013_41,51809.0,102127.0,28.161428724285713
2656,2013_42,51809.0,98478.0,27.154285702857145
2660,2013_43,51809.0,94331.0,26.009999682857142
2664,2013_44,51809.0,90971.0,25.084285737142856
2668,2013_45,51809.0,87871.0,24.227142877142857
2672,2013_46,51809.0,84054.0,23.178571428571427
2676,2013_47,51809.0,80205.0,22.115714484285714
2680,2013_48,51809.0,80253.0,22.12571416571429
2684,2013_49,51809.0,80875.0,22.30142865857143
2688,2013_5,51809.0,118889.0,32.78285707571429
2692,2013_50,51809.0,84825.0,23.389999934285715
2696,2013_51,51809.0,94638.0,26.09428569285714
2700,2013_52,51809.0,110910.0,30.58285713142857
2704,2013_6,51809.0,130371.0,35.948571887142855
2708,2013_7,51809.0,141804.0,39.10142844
2712,2013_8,51809.0,148542.0,40.95714296714285
2716,2013_9,51809.0,150954.0,41.62571443857143
2720,2014_1,51809.0,117285.0,28.294999360000002
2724,2014_10,51809.0,150838.0,41.592856815714285
2728,2014_11,51809.0,150748.0,41.5657147
2732,2014_12,51809.0,150234.0,41.424285344285714
2736,2014_13,51809.0,150568.0,41.51714270285714
2740,2014_14,51809.0,149752.0,41.29285703428571
2744,2014_15,51809.0,153867.0,42.42857143
2748,2014_16,51809.0,156383.0,43.12000056714286
2752,2014_17,51809.0,156735.0,43.21857125428572
2756,2014_18,51809.0,156339.0,43.10714231000001
2760,2014_19,51809.0,155010.0,42.742856707142856
2764,2014_2,51809.0,137561.0,37.93000030571428
2768,2014_20,51809.0,152415.0,42.02571432999999
2772,2014_21,51809.0,150180.0,41.41142872285714
2776,2014_22,51809.0,147413.0,40.647142681428576
2780,2014_23,51809.0,143700.0,39.62428501714286
2784,2014_24,51809.0,140267.0,38.67857197428572
2788,2014_25,51809.0,136420.0,37.615714481428576
2792,2014_26,51809.0,132662.0,36.582856858571425
2796,2014_27,51809.0,128864.0,35.53428540857143
2800,2014_28,51809.0,125540.0,34.61714226857143
2804,2014_29,51809.0,121808.0,33.58571461285714
2808,2014_3,51809.0,148056.0,40.82428523428571
2812,2014_30,51809.0,118158.0,32.57857186571429
2816,2014_31,51809.0,114795.0,31.655714034285715
2820,2014_32,51809.0,110137.0,30.370000021428574
2824,2014_33,51809.0,106949.0,29.490000041428573
2828,2014_34,51809.0,102529.0,28.270000458571428
2832,2014_35,51809.0,98703.0,27.214285442857143
2836,2014_36,51809.0,94288.0,26.0
2840,2014_37,51809.0,89104.0,24.56714303142857
2844,2014_38,51809.0,84877.0,23.404285977142855
2848,2014_39,51809.0,80042.0,22.07000024142857
2852,2014_4,51809.0,152086.0,41.93857193
2856,2014_40,51809.0,74638.0,20.580000194285713
2860,2014_41,51809.0,69237.0,19.090000154285715
2864,2014_42,51809.0,64416.0,17.762856892857144
2868,2014_43,51809.0,60089.0,16.56714276
2872,2014_44,51809.0,54966.0,15.157142910000001
2876,2014_45,51809.0,50063.0,13.802857262857144
2880,2014_46,51809.0,47404.0,13.071428707142857
2884,2014_47,51809.0,46240.0,12.750000137142859
2888,2014_48,51809.0,45321.0,12.497142792857144
2892,2014_49,51809.0,47242.0,13.027142797142858
2896,2014_5,51809.0,152709.0,42.10714285857143
2900,2014_50,51809.0,49445.0,13.635714258571427
2904,2014_51,51809.0,54885.0,15.13285705
2908,2014_52,51809.0,59612.0,16.43571445
2912,2014_6,51809.0,153476.0,42.319999692857145
2916,2014_7,51809.0,152699.0,42.10285731571429
2920,2014_8,51809.0,151263.0,41.70857075285714
2924,2014_9,51809.0,150029.0,41.37000002142857
2928,2015_1,51809.0,36402.0,17.5650000575
2932,2015_10,51809.0,66880.0,18.441428594285714
2936,2015_11,51809.0,69149.0,19.06714275857143
2940,2015_12,51809.0,73380.0,20.232857295714286
2944,2015_13,51809.0,79878.0,22.025714055714285
2948,2015_14,51809.0,85424.0,23.554285865714288
2952,2015_15,51809.0,91666.0,25.277142934285713
2956,2015_16,51809.0,93644.0,25.821428298571426
2960,2015_17,51809.0,95898.0,26.44285746857143
2964,2015_18,51809.0,96813.0,26.69428580142857
2968,2015_19,51809.0,96035.0,26.481428420000004
2972,2015_2,51809.0,64136.0,17.68571390285714
2976,2015_20,51809.0,96558.0,26.624285562857143
2980,2015_21,51809.0,96343.0,26.56571442857143
2984,2015_22,51809.0,95949.0,26.457142967142858
2988,2015_23,51809.0,94843.0,26.152857098571427
2992,2015_24,51809.0,93819.0,25.870000295714284
2996,2015_25,51809.0,92213.0,25.42571422
3000,2015_26,51809.0,90717.0,25.014285771428572
3004,2015_27,51809.0,88839.0,24.49571446
3008,2015_28,51809.0,86882.0,23.955714634285716
3012,2015_29,51809.0,84082.0,23.185714175714285
3016,2015_3,51809.0,62716.0,17.29428591142857
3020,2015_30,51809.0,81767.0,22.54428563857143
3024,2015_31,51809.0,79131.0,21.818571090000002
3028,2015_32,51809.0,76163.0,21.001428604285714
3032,2015_33,51809.0,73235.0,20.191428865714283
3036,2015_34,51809.0,69908.0,19.278571264285716
3040,2015_35,51809.0,66648.0,18.378571647142856
3044,2015_36,51809.0,62934.0,17.352857317142856
3048,2015_37,51809.0,59051.0,16.28142861
3052,2015_38,51809.0,55524.0,15.311428752857143
3056,2015_39,51809.0,51363.0,14.164285795714287
3060,2015_4,51809.0,60391.0,16.65142849571429
3064,2015_40,51809.0,48037.0,13.245714324285714
3068,2015_41,51809.0,43284.0,11.934285847142858
3072,2015_42,51809.0,39245.0,10.821428571428571
3076,2015_43,51809.0,35076.0,9.672857285714286
3080,2015_44,51809.0,30808.0,8.494285651428571
3084,2015_45,51809.0,26674.0,7.357142789999999
3088,2015_46,51809.0,22779.0,6.281428541428572
3092,2015_47,51809.0,19800.0,5.460000107142856
3096,2015_48,51809.0,17551.0,4.839999948571429
3100,2015_49,51809.0,15954.0,4.401428562857143
3104,2015_5,51809.0,58072.0,16.01142856142857
3108,2015_50,51809.0,16971.0,4.6785714971428565
3112,2015_51,51809.0,17647.0,4.867142814285714
3116,2015_52,51809.0,18080.0,4.984285695714285
3120,2015_53,51809.0,10067.0,4.8599998975
3124,2015_6,51809.0,56618.0,15.611428532857143
3128,2015_7,51809.0,57385.0,15.821428434285716
3132,2015_8,51809.0,58819.0,16.218571117142858
3136,2015_9,51809.0,64189.0,17.700000217142858
3140,2016_1,51809.0,17738.0,4.89000007
3144,2016_10,51809.0,118611.0,32.70428575857143
3148,2016_11,51809.0,119848.0,33.048571450000004
3152,2016_12,51809.0,122062.0,33.655714305714284
3156,2016_13,51809.0,124389.0,34.299999781428575
3160,2016_14,51809.0,124808.0,34.414284841428575
3164,2016_15,51809.0,123554.0,34.069999148571426
3168,2016_16,51809.0,121635.0,33.539999824285715
3172,2016_17,51809.0,119594.0,32.97857175714286
3176,2016_18,51809.0,117054.0,32.27857099
3180,2016_19,51809.0,114378.0,31.538571222857144
3184,2016_2,51809.0,19176.0,5.287142888571429
3188,2016_20,51809.0,112084.0,30.905714579999998
3192,2016_21,51809.0,110075.0,30.35142844142857
3196,2016_22,51809.0,107442.0,29.622857229999997
3200,2016_23,51809.0,105363.0,29.052856991428573
3204,2016_24,51809.0,102267.0,28.199999944285715
3208,2016_25,51809.0,99554.0,27.45142827714286
3212,2016_26,51809.0,96812.0,26.69428579857143
3216,2016_27,51809.0,93716.0,25.841428481428572
3220,2016_28,51809.0,90767.0,25.028571265714284
3224,2016_29,51809.0,87993.0,24.262857165714284
3228,2016_3,51809.0,30893.0,8.518571374285715
3232,2016_30,51809.0,84922.0,23.415714262857144
3236,2016_31,51809.0,81513.0,22.475714272857143
3240,2016_32,51809.0,78380.0,21.611428668571428
3244,2016_33,51809.0,75137.0,20.720000128571428
3248,2016_34,51809.0,71738.0,19.781428747142858
3252,2016_35,51809.0,68009.0,18.75285720857143
3256,2016_36,51809.0,64021.0,17.654285975714284
3260,2016_37,51809.0,60249.0,16.611428668571428
3264,2016_38,51809.0,56617.0,15.611428669999999
3268,2016_39,51809.0,53215.0,14.672857285714286
3272,2016_4,51809.0,54377.0,14.994285311428571
3276,2016_40,51809.0,50189.0,13.840000015714285
3280,2016_41,51809.0,47105.0,12.988571437142857
3284,2016_42,51809.0,43787.0,12.07428578
3288,2016_43,51809.0,40437.0,11.148571422857144
3292,2016_44,51809.0,37256.0,10.271428655714287
3296,2016_45,51809.0,34544.0,9.525714465714286
3300,2016_46,51809.0,33237.0,9.162857192857144
3304,2016_47,51809.0,34200.0,9.429999894285714
3308,2016_48,51809.0,36046.0,9.938571521428571
3312,2016_49,51809.0,40608.0,11.197142875714286
3316,2016_5,51809.0,73273.0,20.205714362857144
3320,2016_50,51809.0,46909.0,12.93571431142857
3324,2016_51,51809.0,52532.0,14.485714365714285
3328,2016_52,51809.0,48421.0,15.578333378333333
3332,2016_53,51809.0,7524.0,4.840000150000001
3336,2016_6,51809.0,90902.0,25.064285824285715
3340,2016_7,51809.0,105706.0,29.14857155857143
3344,2016_8,51809.0,111918.0,30.862856727142855
3348,2016_9,51809.0,115295.0,31.791428702857143
3352,2017_1,51809.0,61318.0,16.905714305714287
3356,2017_10,51809.0,76690.0,21.147142957142854
3360,2017_11,51809.0,77126.0,21.268571580000003
3364,2017_12,51809.0,77838.0,21.46142878
3368,2017_13,51809.0,77974.0,21.5
3372,2017_14,51809.0,79066.0,21.80142838714286
3376,2017_15,51809.0,79893.0,22.02857181
3380,2017_16,51809.0,79625.0,21.95571436
3384,2017_17,51809.0,78441.0,21.629999978571426
3388,2017_18,51809.0,77018.0,21.23714311
3392,2017_19,51809.0,75263.0,20.751428602857143
3396,2017_2,51809.0,61115.0,16.85285677
3400,2017_20,51809.0,73696.0,20.321428845714284
3404,2017_21,51809.0,72039.0,19.86571420857143
3408,2017_22,51809.0,70664.0,19.482857021428572
3412,2017_23,51809.0,69480.0,19.15714318428571
3416,2017_24,51809.0,68158.0,18.79285676142857
3420,2017_25,51809.0,66159.0,18.244285584285713
3424,2017_26,51809.0,64063.0,17.665714262857144
3428,2017_27,51809.0,61882.0,17.062856947142855
3432,2017_28,51809.0,60130.0,16.580000197142855
3436,2017_29,51809.0,57841.0,15.947142737142858
3440,2017_3,51809.0,60742.0,16.747143064285716
3444,2017_30,51809.0,55604.0,15.332856995714284
3448,2017_31,51809.0,53669.0,14.800000054285714
3452,2017_32,51809.0,51435.0,14.182857242857143
3456,2017_33,51809.0,49055.0,13.524285862857143
3460,2017_34,51809.0,46689.0,12.87571444
3464,2017_35,51809.0,44192.0,12.184285708571428
3468,2017_36,51809.0,41703.0,11.5
3472,2017_37,51809.0,39388.0,10.861428531428572
3476,2017_38,51809.0,36927.0,10.181428361428571
3480,2017_39,51809.0,34252.0,9.444285664285713
3484,2017_4,51809.0,60827.0,16.770000185714284
3488,2017_40,51809.0,31503.0,8.687142917142857
3492,2017_41,51809.0,28851.0,7.954285688571429
3496,2017_42,51809.0,26310.0,7.254285607142857
3500,2017_43,51809.0,23605.0,6.508571421428571
3504,2017_44,51809.0,21043.0,5.801428522857143
3508,2017_45,51809.0,18683.0,5.1528572357142854
3512,2017_46,51809.0,17070.0,4.705714227142857
3516,2017_47,51809.0,17951.0,4.950000014285714
3520,2017_48,51831.0,20118.0,5.547142778571429
3524,2017_49,51831.0,25087.0,6.914285661428571
3528,2017_5,51809.0,63365.0,17.46999985857143
3532,2017_50,51831.0,31365.0,8.645714351428571
3536,2017_51,51831.0,35976.0,9.917143004285714
3540,2017_52,51831.0,52003.0,12.54249978
3544,2017_6,51809.0,66828.0,18.427142824285713
3548,2017_7,51809.0,68850.0,18.98571423285714
3552,2017_8,51809.0,70804.0,19.52428545285714
3556,2017_9,51809.0,75459.0,20.805714472857144
3560,2018_1,51602.0703125,69526.06152344,16.8418500425
3564,2018_10,51602.0703125,103316.45703126,28.602514539999998
3568,2018_11,51602.0703125,113893.80664063999,31.530814307142858
3572,2018_12,51602.0703125,120972.68945313999,33.490542819999995
3576,2018_13,51602.0703125,128952.41406252,35.69967161
3580,2018_14,51602.0703125,135715.38671877,37.57197189428571
3584,2018_15,51602.0703125,140440.13281251,38.87998581
3588,2018_16,51602.0703125,143048.95117190998,39.60221481285714
3592,2018_17,51602.0703125,145321.73046877,40.231427329999995
3596,2018_18,51602.0703125,146858.87304688,40.656971524285716
3600,2018_19,51602.0703125,145805.39648439,40.365327564285714
3604,2018_2,51602.0703125,53896.952636710004,14.921042850000001
3608,2018_20,51602.0703125,145096.75195314,40.169128418571425
3612,2018_21,51602.0703125,144061.63085940998,39.88255691571429
3616,2018_22,51602.0703125,142374.31445315,39.41545704428571
3620,2018_23,51602.0703125,140495.40234377998,38.89528547
3624,2018_24,51602.0703125,138629.99804689,38.37887191714286
3628,2018_25,51602.0703125,137040.14257814,37.93871471
3632,2018_26,51602.0703125,135228.22656251,37.43708583285714
3636,2018_27,51602.0703125,133279.08593752,36.89747074857143
3640,2018_28,51602.0703125,131406.55468751,36.379086085714285
3644,2018_29,51602.0703125,129348.15820315,35.80922916857143
3648,2018_3,51602.0703125,57396.13281251,15.889771597142856
3652,2018_30,51602.0703125,126609.72070313999,35.051128934285714
3656,2018_31,51602.0703125,124277.35156251,34.405414037142855
3660,2018_32,51602.0703125,122087.76562502,33.79925646142857
3664,2018_33,51602.0703125,119857.61328126,33.18182863571429
3668,2018_34,51602.0703125,117478.84960938,32.523285457142855
3672,2018_35,51602.0703125,114495.35253907001,31.697328567142854
3676,2018_36,51602.0703125,112083.72460938,31.029685972857145
3680,2018_37,51602.0703125,109162.78710939,30.221071242857143
3684,2018_38,51602.0703125,106546.35937501,29.496700287142858
3688,2018_39,51602.0703125,103716.28808595,28.71322877
3692,2018_4,51602.0703125,60963.53027345,16.877386092857144
3696,2018_40,51602.0703125,100614.8310547,27.854613984285713
3700,2018_41,51602.0703125,97536.12109377,27.00227138
3704,2018_42,51602.0703125,95538.38476562,26.449214391428573
3708,2018_43,51602.0703125,93253.80371095,25.8167572
3712,2018_44,51602.0703125,91854.55273437,25.42937115285714
3716,2018_45,51602.0703125,90954.4482422,25.18018559
3720,2018_46,51602.0703125,93983.55371095,26.018757139999998
3724,2018_47,51602.0703125,97889.15136719,27.10000010857143
3728,2018_48,51602.0703125,106206.65429688,29.4026571
3732,2018_49,51602.0703125,117447.34277345,32.51455770142857
3736,2018_5,51602.0703125,63909.80078126,17.693028312857145
3740,2018_50,51602.0703125,125814.86132813999,34.83107158142857
3744,2018_51,51602.0703125,133083.84960939,36.84344319
3748,2018_52,51602.0703125,139309.45898439,38.56697246
3752,2018_6,51602.0703125,68271.55175783,18.900556837142858
3756,2018_7,51602.0703125,74014.54785157,20.49047143142857
3760,2018_8,51602.0703125,84999.50488283,23.531585694285717
3764,2018_9,51602.0703125,95133.30566407,26.337085997142857
3768,2019_1,51602.0703125,163289.87890627,39.55507469125
3772,2019_10,51602.0703125,169287.48632814,46.866214205714286
3776,2019_11,51602.0703125,174642.02929689,48.34858540142857
3780,2019_12,51602.0703125,180875.40625001,50.07424327285714
3784,2019_13,51602.0703125,188490.07226564,52.18231419
3788,2019_14,51602.0703125,194562.57421876,53.863428934285714
3792,2019_15,51602.0703125,201091.49023439,55.670928409999995
3796,2019_16,51602.0703125,203954.58984376,56.463571820000006
3800,2019_17,51602.0703125,207277.88867189,57.383585794285715
3804,2019_18,51602.0703125,209312.04882813,57.94674246714286
3808,2019_19,51602.0703125,209931.1699219,58.11814226285714
3812,2019_2,51602.0703125,147996.51562501,40.97191401714286
3816,2019_20,51602.0703125,210188.58789064,58.18940026571429
3820,2019_21,51602.0703125,210241.98046876,58.20418603
3824,2019_22,51602.0703125,209255.73437502,57.931143080000005
3828,2019_23,51602.0703125,207727.12500001,57.50797217428572
3832,2019_24,51602.0703125,205946.50195315,57.01499939
3836,2019_25,51602.0703125,203716.22265627,56.39757101857143
3840,2019_26,51602.0703125,201029.15234377,55.65368489
3844,2019_27,51602.0703125,199114.29882815,55.123542241428574
3848,2019_28,51602.0703125,197212.17382814,54.59697124
3852,2019_29,51602.0703125,194683.12500002998,53.89682878857143
3856,2019_3,51602.0703125,151234.5917969,41.868356975714285
3860,2019_30,51602.0703125,191875.76562502,53.11962836142857
3864,2019_31,51602.0703125,189463.13671877,52.45168577
3868,2019_32,51602.0703125,186259.13671877,51.56468582428572
3872,2019_33,51602.0703125,183368.62695314,50.76447132714286
3876,2019_34,51602.0703125,180321.84765626,49.920970915714285
3880,2019_35,51602.0703125,176467.8339844,48.854028975714286
3884,2019_36,51602.0703125,172860.80664064,47.855428422857145
3888,2019_37,51602.0703125,168896.81250001,46.75805718714286
3892,2019_38,51602.0703125,164935.85351564,45.66148594428572
3896,2019_39,51602.0703125,160547.87890627,44.446671622857146
3900,2019_4,51602.0703125,153801.65820314,42.57904270857143
3904,2019_40,51602.0703125,156629.67187502,43.36195646142857
3908,2019_41,51602.0703125,152353.92187501,42.17822864857143
3912,2019_42,51602.0703125,148157.65429689,41.01655687428571
3916,2019_43,51602.0703125,144149.75976564,39.90695789857143
3920,2019_44,51602.0703125,139181.67578127,38.53160040857143
3924,2019_45,51602.0703125,133793.40820314,37.039885385714285
3928,2019_46,51602.0703125,129582.15625001,35.87402834142857
3932,2019_47,51602.0703125,125367.75976563999,34.70728574428571
3936,2019_48,51602.0703125,122500.38476563999,33.91348593714286
3940,2019_49,51602.0703125,122276.8261719,33.851599557142855
3944,2019_5,51602.0703125,152421.44921876,42.19694301142857
3948,2019_50,51602.0703125,125008.47851565,34.60782841142857
3952,2019_51,51602.0703125,128673.34765627,35.622428348571425
3956,2019_52,51602.0703125,133857.68945313,37.05767113857143
3960,2019_6,51602.0703125,152511.24023439,42.221785954285714
3964,2019_7,51602.0703125,153383.14257815,42.463171277142855
3968,2019_8,51602.0703125,156857.88281252998,43.42512839
3972,2019_9,51602.0703125,162801.77539064,45.07065636714286
3976,2020_1,51602.0703125,98405.77539063999,38.140238952
3980,2020_10,51602.0703125,228256.57812502,63.19141442285714
3984,2020_11,51602.0703125,242395.6953125,67.10575648714286
3988,2020_12,51602.0703125,258100.03515625,71.45338548857143
3992,2020_13,51602.0703125,275602.23828125,76.29879978714287
3996,2020_14,51602.0703125,290243.94140625,80.35224042428571
4000,2020_15,51602.0703125,301120.36328125,83.36330086857143
4004,2020_16,51602.0703125,310455.09765625,85.94757080285714
4008,2020_17,51602.0703125,317784.1640625,87.97657122142857
4012,2020_18,51602.0703125,323282.8828125,89.49886975857143
4016,2020_19,51602.0703125,327534.6484375,90.67595781857143
4020,2020_2,51602.0703125,139457.75195313,38.60802895571429
4024,2020_20,51602.0703125,329588.26953125,91.24447195714286
4028,2020_21,51602.0703125,329856.52734375,91.31874302428571
4032,2020_22,51602.0703125,330553.51171875,91.51169913142857
4036,2020_23,51602.0703125,330214.17578125,91.41777147571429
4040,2020_24,51602.0703125,328564.66796875,90.96108572857143
4044,2020_25,51602.0703125,326043.01171875,90.26299939857142
4048,2020_26,51602.0703125,322867.640625,89.38389805285715
4052,2020_27,51602.0703125,318471.4453125,88.16684287
4056,2020_28,51602.0703125,312569.1796875,86.53285762285714
4060,2020_29,51602.0703125,307159.67578125,85.03524235571429
4064,2020_3,51602.0703125,141642.76757815,39.21294239714286
4068,2020_30,51602.0703125,302427.10546875,83.72505733
4072,2020_31,51602.0703125,296913.18359375,82.19855826571428
4076,2020_32,51602.0703125,292932.125,81.09644208571429
4080,2020_33,51602.0703125,288212.796875,79.78991372142856
4084,2020_34,51602.0703125,283537.453125,78.49558585142857
4088,2020_35,51602.0703125,277327.28125,76.77633013
4092,2020_36,51602.0703125,271044.60546875,75.03701346285713
4096,2020_37,51602.0703125,263775.02734375,73.02447182714285
4100,2020_38,51602.0703125,255353.8515625,70.69314248142857
4104,2020_39,51602.0703125,246469.25390625,68.23348563
4108,2020_4,51602.0703125,145289.36718752,40.22244262571429
4112,2020_40,51602.0703125,237133.1640625,65.64884403857143
4116,2020_41,51602.0703125,228058.70507814,63.13665826142857
4120,2020_42,51602.0703125,219285.1308594,60.70772879428572
4124,2020_43,51602.0703125,211810.82812501,58.638528005714285
4128,2020_44,51602.0703125,205505.83593752,56.89302880571428
4132,2020_45,51602.0703125,199938.50390626,55.35174233428571
4136,2020_46,51602.0703125,195940.29882814,54.24485669714286
4140,2020_47,51602.0703125,194314.71289064,53.794814519999996
4144,2020_48,51602.0703125,190677.02539065,52.78775678285714
4148,2020_49,51602.0703125,188179.80078126,52.09641429285715
4152,2020_5,51602.0703125,156879.31640627,43.431056975714284
4156,2020_50,51602.0703125,182484.50390627,50.51968547285714
4160,2020_51,51602.0703125,172970.53906252,47.885843005714285
4164,2020_52,51602.0703125,167374.16992189,46.33648518142858
4168,2020_53,51602.0703125,95379.94140626,46.209374425
4172,2020_6,51602.0703125,168718.83789065,46.70875712857143
4176,2020_7,51602.0703125,185329.70507814,51.30738612571429
4180,2020_8,51602.0703125,201690.72656251,55.836828502857145
4184,2020_9,51602.0703125,216245.97851565,59.866371154285716
4188,2021_1,52624.08203125,175734.37890626,47.70614297142857
4192,2021_10,52624.08203125,236165.421875,64.11118643714285
4196,2021_11,52624.08203125,244923.4296875,66.48868560857143
4200,2021_12,52624.08203125,250254.33203125,67.93585640714285
4204,2021_13,52624.08203125,253207.8515625,68.73764147
4208,2021_14,52624.08203125,252719.4609375,68.60505676142857
4212,2021_15,52624.08203125,250000.4453125,67.86692919
4216,2021_16,52624.08203125,249445.0390625,67.71615709714285
4220,2021_17,52624.08203125,248003.2890625,67.32478659428571
4224,2021_18,52624.08203125,245771.37109375,66.71888623857143
4228,2021_19,52624.08203125,242276.73828125,65.77018629
4232,2021_2,52624.08203125,182258.86328127,49.477313994285716
4236,2021_20,52624.08203125,239705.0234375,65.07205636142858
4240,2021_21,52624.08203125,237830.92578125,64.56330108714285
4244,2021_22,52624.08203125,233711.61328125,63.445071084285715
4248,2021_23,52624.08203125,229844.04687501,62.39511435428572
4252,2021_24,52624.08203125,226207.9980469,61.408057078571424
4256,2021_25,52624.08203125,223042.26953127,60.548657008571425
4260,2021_26,52624.08203125,219987.55468751,59.719429017142865
4264,2021_27,52624.08203125,217075.6386719,58.92891475142857
4268,2021_28,52624.08203125,213576.32617189,57.97900009
4272,2021_29,52624.08203125,209321.56445314,56.823956622857146
4276,2021_3,52624.08203125,187271.79687502998,50.838143484285716
4280,2021_30,52624.08203125,205522.51953127,55.79262869857143
4284,2021_31,52624.08203125,200322.65820315,54.38105664714286
4288,2021_32,52624.08203125,196087.89453127,53.23144367857143
4292,2021_33,52624.08203125,191458.64648439,51.97477177142857
4296,2021_34,52624.08203125,186873.90234376,50.730157580000004
4300,2021_35,52624.08203125,181659.03710939,49.31448582
4304,2021_36,52624.08203125,175011.02734377,47.50974273999999
4308,2021_37,52624.08203125,167084.18164065,45.357885087142854
4312,2021_38,52624.08203125,158579.55273439,43.049156735714284
4316,2021_39,52624.08203125,150801.96484377,40.93777193142857
4320,2021_4,52624.08203125,190257.23828127,51.64859989714286
4324,2021_40,52624.08203125,143536.03515627,38.96532821714286
4328,2021_41,52624.08203125,139197.80273440998,37.78765760428571
4332,2021_42,52624.08203125,137092.88867188,37.216256824285715
4336,2021_43,52624.08203125,136440.41406252,37.03910010142857
4340,2021_44,52624.08203125,135047.66992188,36.661014557142856
4344,2021_45,52624.08203125,133962.73632814,36.366499762857146
4348,2021_46,51691.2265625,131555.58984377,36.35754230857143
4352,2021_47,51691.2265625,134725.76562501,37.23367146
4356,2021_48,51691.2265625,139556.55664064,38.568756102857144
4360,2021_49,51691.2265625,148523.63281252998,41.04691423714286
4364,2021_5,52624.08203125,192050.97070313,52.135542734285714
4368,2021_50,51691.2265625,157827.32031252,43.61817169142857
4372,2021_51,51691.2265625,170838.42187501,47.21395765142857
4376,2021_52,51691.2265625,131312.23437502,50.806380462
4380,2021_53,52624.08203125,72591.19531251,45.98096593
4384,2021_6,52624.08203125,194505.0761719,52.80177089
4388,2021_7,52624.08203125,200269.68750001,54.36665725571429
4392,2021_8,52624.08203125,212289.63085938,57.62968608285714
4396,2021_9,52624.08203125,222775.45703127,60.47624261
4400,2022_1,51691.2265625,212617.19726564,58.76022774714285
4404,2022_10,51691.2265625,307183.91015625,84.89528546857143
4408,2022_11,51691.2265625,319652.2109375,88.34109933142858
4412,2022_12,51691.2265625,332128.5625,91.78914315142858
4416,2022_13,51691.2265625,345417.19921875,95.46168518
4420,2022_14,51691.2265625,350539.74609375,96.87738473142858
4424,2022_15,51691.2265625,349631.96875,96.62651498000001
4428,2022_16,51691.2265625,350461.41015625,96.85571507142858
4432,2022_17,51691.2265625,348745.78125,96.38158525857143
4436,2022_18,51691.2265625,345971.1015625,95.61477116285714
4440,2022_19,51691.2265625,345309.1875,95.43182918000001
4444,2022_2,51691.2265625,248317.0078125,68.62645558
4448,2022_20,51691.2265625,344625.5703125,95.24289921285715
4452,2022_21,51691.2265625,343156.890625,94.83699907571429
4456,2022_22,51691.2265625,340388.4296875,94.07189941428571
4460,2022_23,51691.2265625,338403.1484375,93.52324349571428
4464,2022_24,51691.2265625,336013.16796875,92.86271558428572
4468,2022_25,51691.2265625,333333.09765625,92.12204306285714
4472,2022_26,51691.2265625,330374.8515625,91.30448586428572
4476,2022_27,51691.2265625,326494.0078125,90.23195648285714
4480,2022_28,51691.2265625,319835.99609375,88.39191545714286
4484,2022_29,51691.2265625,311796.7421875,86.17011479142857
4488,2022_3,51691.2265625,264553.70703125,73.11372920714285
4492,2022_30,51691.2265625,303634.9140625,83.91447230714286
4496,2022_31,51691.2265625,293550.60546875,81.12749808
4500,2022_32,51691.2265625,283854.35546875,78.44778551142858
4504,2022_33,51691.2265625,277163.4375,76.59862845285714
4508,2022_34,51691.2265625,270277.2265625,74.69551304285714
4512,2022_35,51691.2265625,263434.02734375,72.80431365857143
4516,2022_36,51691.2265625,257388.46484375,71.13351549428572
4520,2022_37,51691.2265625,251630.9765625,69.54232897142857
4524,2022_38,51691.2265625,245711.48046875,67.90638624
4528,2022_39,51691.2265625,240641.12109375,66.50509970571429
4532,2022_4,51691.2265625,264563.13671875,73.11634281857143
4536,2022_40,51691.2265625,235770.06640625,65.15889957857142
4540,2022_41,51691.2265625,230863.73828125,63.80297088571428
4544,2022_42,51691.2265625,226447.33593751,62.582414355714285
4548,2022_43,51691.2265625,221215.56250002,61.13652856
4552,2022_44,51691.2265625,218467.89843752,60.37715693857143
4556,2022_45,51691.2265625,218403.86914065,60.35945729
4560,2022_46,51691.2265625,216979.31250002,59.96580015
4564,2022_47,51691.2265625,214835.19140627998,59.37321417571429
4568,2022_48,51691.2265625,211990.43554689,58.58700016285714
4572,2022_49,51691.2265625,214096.21875002998,59.16897147142857
4576,2022_5,51691.2265625,265970.3125,73.50524139571428
4580,2022_50,51691.2265625,217524.08984377,60.116328648571425
4584,2022_51,51691.2265625,223571.39062502,61.78759983714286
4588,2022_52,51691.2265625,258281.48437501,62.4577741625
4592,2022_6,51691.2265625,272729.90625,75.37334224142857
4596,2022_7,51691.2265625,285024.14453125,78.77107129714285
4600,2022_8,51691.2265625,293538.11328125,81.12405722285715
4604,2022_9,51691.2265625,298863.9921875,82.59595707285715
4608,2023_1,51691.2265625,255629.3359375,70.64734213428571
4612,2023_10,51691.2265625,315273.73046875,87.13105773857144
4616,2023_11,51691.2265625,319728.6640625,88.36224256428571
4620,2023_12,51691.2265625,327101.71484375,90.39989907428571
4624,2023_13,51691.2265625,329976.453125,91.19438607428572
4628,2023_14,51691.2265625,329601.796875,91.09085737
4632,2023_15,51691.2265625,329588.0,91.08701324571429
4636,2023_16,51691.2265625,329596.34765625,91.08932822
4640,2023_17,51691.2265625,329605.66015625,91.09191458571429
4644,2023_18,51691.2265625,328360.2734375,90.74772753
4648,2023_19,51691.2265625,327599.2890625,90.53741455142857
4652,2023_2,51691.2265625,268995.23828125,74.34124210857144
4656,2023_20,51691.2265625,326287.25390625,90.17481231571428
4660,2023_21,51691.2265625,323992.28515625,89.54055677142857
4664,2023_22,51691.2265625,322133.04296875,89.02672903857142
4668,2023_23,51691.2265625,318629.28515625,88.05841391285715
4672,2023_24,51691.2265625,314729.9140625,86.98077174571428
4676,2023_25,51691.2265625,311124.69921875,85.98440006857143
4680,2023_26,51691.2265625,306719.5703125,84.76695687428571
4684,2023_27,51691.2265625,302682.05078125,83.65111432714285
4688,2023_28,51691.2265625,297900.1796875,82.32955714714285
4692,2023_29,51691.2265625,293517.7578125,81.11841365142857
4696,2023_3,51691.2265625,269001.09765625,74.34284319142856
4700,2023_30,51691.2265625,289473.9921875,80.00087192857143
4704,2023_31,51691.2265625,284883.46875,78.73217119571429
4708,2023_32,51691.2265625,279862.10546875,77.34445517428571
4712,2023_33,51691.2265625,275600.60546875,76.16672624714286
4716,2023_34,51691.2265625,271375.98046875,74.99918692285713
4720,2023_35,51691.2265625,265892.26953125,73.48368508571427
4724,2023_36,51691.2265625,260130.75390625,71.89137158999999
4728,2023_37,51691.2265625,255178.27734375,70.52268546142857
4732,2023_38,51691.2265625,250072.51171875,69.11161477142858
4736,2023_39,51691.2265625,244210.203125,67.49145834857143
4740,2023_4,51691.2265625,271434.12109375,75.0152577
4744,2023_40,51691.2265625,238693.171875,65.96674128857143
4748,2023_41,51691.2265625,232518.96484375,64.26038524142857
4752,2023_42,51691.2265625,227458.04101565,62.86172866714286
4756,2023_43,51691.2265625,221513.2421875,61.21881430571428
4760,2023_44,51691.2265625,215939.14062501,59.67831420857143
4764,2023_45,51691.2265625,213292.4667969,58.94685690714285
4768,2023_46,51691.2265625,209421.91210939,57.877157485714285
4772,2023_47,51691.2265625,203422.68945315,56.21915708285714
4776,2023_48,51691.2265625,195165.4511719,53.937156675714284
4780,2023_49,51691.2265625,186939.08984376,51.663671220000005
4784,2023_5,51691.2265625,274585.18359375,75.88609968
4788,2023_50,51691.2265625,181763.09765625,50.23320007428571
4792,2023_51,51691.2265625,178987.24609377998,49.466057368571434
4796,2023_52,51691.2265625,212212.1699219,51.31726264875
4800,2023_6,51691.2265625,281513.78125,77.80091313
4804,2023_7,51691.2265625,293296.13671875,81.0571714142857
4808,2023_8,51691.2265625,304034.046875,84.02478681142858
4812,2023_9,51691.2265625,310427.30859375,85.79167175428572
4816,2024_1,51691.2265625,178080.9980469,49.21560069428572
4820,2024_10,51691.2265625,245661.2265625,67.89249965
4824,2024_11,51691.2265625,252261.140625,69.71650150857143
4828,2024_12,51691.2265625,255610.59765625,70.64215632857143
4832,2024_13,51691.2265625,260649.51953125,72.03476933
4836,2024_14,51691.2265625,268036.24609375,74.07618495428572
4840,2024_15,51691.2265625,275209.9609375,76.0587724942857
4844,2024_16,51691.2265625,280090.2890625,77.40751429714285
4848,2024_17,51691.2265625,283885.59765625,78.45642852857144
4852,2024_18,51691.2265625,283899.1015625,78.46015603285716
4856,2024_19,51691.2265625,282125.25,77.96991511857142
4860,2024_2,51691.2265625,179660.49218752,49.652113775714284
4864,2024_20,51691.2265625,278358.33984375,76.92888641428571
4868,2024_21,51691.2265625,274637.27734375,75.90048653714287
4872,2024_22,51691.2265625,270764.76953125,74.83025578285715
4876,2024_23,51691.2265625,266700.171875,73.7069560442857
4880,2024_24,51691.2265625,262298.66015625,72.49051448285715
4884,2024_25,51691.2265625,257558.82421875,71.18057142
4888,2024_26,51691.2265625,253041.5546875,69.93217141285714
4892,2024_27,51691.2265625,248095.1953125,68.56517137857143
4896,2024_28,51691.2265625,242638.796875,67.05718449142857
4900,2024_29,51691.2265625,237154.140625,65.54140036571428
4904,2024_3,51691.2265625,184630.23046877,51.02557209428572
4908,2024_30,51691.2265625,232636.5859375,64.29291479999999
4912,2024_31,51691.2265625,227418.37500001,62.85078539285714
4916,2024_32,51691.2265625,221868.09960938,61.31685747428571
4920,2024_33,51691.2265625,215981.34570314,59.68998663857143
4924,2024_34,51691.2265625,210584.24023438,58.19838605428571
4928,2024_35,51691.2265625,204625.58203127,56.55162865714285
4932,2024_36,51691.2265625,142762.98828126,55.23685912999999
4936,2024_4,51691.2265625,192740.75390627,53.267057691428576
4940,2024_5,51691.2265625,201481.1542969,55.682614462857146
4944,2024_6,51691.2265625,208488.95117189,57.61932809
4948,2024_7,51691.2265625,216617.56445314,59.86581475285714
4952,2024_8,51691.2265625,226541.81835938,62.60852868285714
4956,2024_9,51691.2265625,236975.84765625,65.49215807285715
