,Ano_sem,ena_bruta_regiao_mwmed,ena_bruta_regiao_percentualmlt,ena_armazenavel_regiao_mwmed,ena_armazenavel_regiao_percentualmlt
0,2001_1,99493.0,96.331251145,98845.0,95.72125149
4,2001_10,29858.0,30.25857217,29243.0,29.63428579142857
8,2001_11,34896.0,35.36428588,34282.0,34.74000004571428
12,2001_12,40400.0,40.942856924285714,39756.0,40.28857149428571
16,2001_13,45840.0,47.83714349142857,45224.0,47.19142859428571
20,2001_14,34427.0,42.51428549714286,33852.0,41.804285321428566
24,2001_15,27918.0,34.47714342571429,27380.0,33.81285749285714
28,2001_16,24508.0,30.264285769999997,23992.0,29.62999998
32,2001_17,22114.0,27.308571407142857,21600.0,26.675714222857145
36,2001_18,18202.0,34.94142859428571,17679.0,33.92857034
40,2001_19,18775.0,38.26857103571428,18283.0,37.26714324857143
44,2001_2,76353.0,82.16571589714286,75727.0,81.48857116428572
48,2001_20,17606.0,35.88571439428571,17301.0,35.26571437285714
52,2001_21,16852.0,34.34857177857143,16598.0,33.83428628142857
56,2001_22,17306.0,43.3471429,17041.0,42.69714301
60,2001_23,18955.0,58.87714277285714,18740.0,58.208571844285714
64,2001_24,17438.0,54.164285387142854,17372.0,53.961429051428574
68,2001_25,16408.0,50.96714292285714,16408.0,50.96714292285714
72,2001_26,15748.0,50.405714308571426,15748.0,50.405714308571426
76,2001_27,14743.0,55.70142909428572,14743.0,55.70142909428572
80,2001_28,13516.0,51.0657147,13516.0,51.0657147
84,2001_29,14336.0,54.16285705571429,14336.0,54.16285705571429
88,2001_3,69454.0,74.74000004428571,68840.0,74.07999856285714
92,2001_30,13225.0,49.965714045714286,13225.0,49.965714045714286
96,2001_31,12868.0,53.66857092428571,12868.0,53.66857092428571
100,2001_32,12877.0,55.74142837428571,12877.0,55.74142837428571
104,2001_33,12924.0,55.948571887142855,12924.0,55.948571887142855
108,2001_34,12874.0,55.72857175714285,12874.0,55.72857175714285
112,2001_35,12882.0,57.61857114428572,12873.0,57.575714111428574
116,2001_36,13076.0,63.16142872428571,13076.0,63.16142872428571
120,2001_37,14248.0,68.82142911714286,14237.0,68.76857158285715
124,2001_38,13723.0,66.28571428571429,13722.0,66.28142874714285
128,2001_39,13442.0,64.92857033714286,13438.0,64.9099993
132,2001_4,51454.0,55.369999477142855,50813.0,54.67857197428572
136,2001_40,13053.0,58.469999585714284,13032.0,58.37571389285714
140,2001_41,12176.0,54.54285757857143,12176.0,54.54285757857143
144,2001_42,14698.0,65.84000124285714,14698.0,65.84000124285714
148,2001_43,18028.0,80.75714220142858,18028.0,80.75714220142858
152,2001_44,20825.0,73.24428558571428,20821.0,73.22571455
156,2001_45,20132.0,57.039999824285715,20132.0,57.039999824285715
160,2001_46,20061.0,56.837142945714284,20061.0,56.837142945714284
164,2001_47,26041.0,73.7785720842857,26040.0,73.77571433
168,2001_48,31606.0,75.97428676142856,31606.0,75.97428676142856
172,2001_49,48445.0,74.63428606285713,48440.0,74.62571498428572
176,2001_5,40185.0,41.87285723142857,39562.0,41.22428567142857
180,2001_50,50034.0,77.08142743714286,50028.0,77.07285526714286
184,2001_51,40059.0,61.71285683857143,40050.0,61.69857079571428
188,2001_52,35767.0,55.10142898714286,35764.0,55.09714290142857
192,2001_6,42344.0,42.992857251428575,41737.0,42.374286104285716
196,2001_7,37558.0,38.13142831,36956.0,37.52142824571428
200,2001_8,31655.0,32.14000020571429,31041.0,31.517142702857143
204,2001_9,28389.0,28.792857305714286,27805.0,28.201429095714285
208,2002_1,95860.0,98.632499695,95860.0,98.632499695
212,2002_10,104117.0,105.51428549571428,104117.0,105.51428549571428
216,2002_11,79300.0,80.36428397142858,79300.0,80.36428397142858
220,2002_12,51114.0,51.799999781428575,51114.0,51.799999781428575
224,2002_13,45322.0,45.92857197428572,45322.0,45.92857197428572
228,2002_14,59681.0,73.70000021857143,59681.0,73.70000021857143
232,2002_15,59775.0,73.81714248714286,59775.0,73.81714248714286
236,2002_16,39143.0,48.33999960571429,39143.0,48.33999960571429
240,2002_17,35243.0,43.52285712142857,35243.0,43.52285712142857
244,2002_18,28837.0,51.32714298857143,28837.0,51.32714298857143
248,2002_19,23299.0,47.49000004285715,23299.0,47.49000004285715
252,2002_2,110946.0,119.39000047857144,110946.0,119.39000047857144
256,2002_20,21707.0,44.245714459999995,21707.0,44.245714459999995
260,2002_21,20976.0,42.75714220428571,20976.0,42.75714220428571
264,2002_22,19828.0,46.24428612857143,19828.0,46.24428612857143
268,2002_23,19279.0,59.884285518571424,19279.0,59.884285518571424
272,2002_24,19342.0,60.08142798285714,19342.0,60.08142798285714
276,2002_25,17774.0,55.20857075285714,17774.0,55.20857075285714
280,2002_26,16180.0,50.25999995571429,16180.0,50.25999995571429
284,2002_27,17117.0,64.66857201857142,17117.0,64.66857201857142
288,2002_28,17392.0,65.70714133,17392.0,65.70714133
292,2002_29,17298.0,65.35428619142857,17298.0,65.35428619142857
296,2002_3,126847.0,136.49999782,124082.0,133.52428545285713
300,2002_30,17103.0,64.61714172285714,17103.0,64.61714172285714
304,2002_31,16680.0,68.18714359857142,16680.0,68.18714359857142
308,2002_32,14458.0,62.58571570142857,14458.0,62.58571570142857
312,2002_33,13505.0,58.46000017428571,13505.0,58.46000017428571
316,2002_34,12516.0,54.17857088285714,12516.0,54.17857088285714
320,2002_35,11455.0,50.41857147285714,11455.0,50.41857147285714
324,2002_36,10203.0,49.28285707857143,10203.0,49.28285707857143
328,2002_37,10231.0,49.417143141428575,10231.0,49.417143141428575
332,2002_38,10122.0,48.89142935428572,10122.0,48.89142935428572
336,2002_39,10597.0,51.18571417571429,10597.0,51.18571417571429
340,2002_4,100157.0,107.78142765428571,96300.0,103.63142613000001
344,2002_40,13383.0,60.56142861428572,13383.0,60.56142861428572
348,2002_41,17244.0,77.24571446142856,17244.0,77.24571446142856
352,2002_42,12545.0,56.19428580142857,12545.0,56.19428580142857
356,2002_43,12555.0,56.23857171428572,12555.0,56.23857171428572
360,2002_44,10836.0,41.445714405714284,10836.0,41.445714405714284
364,2002_45,10328.0,29.259999684285713,10328.0,29.259999684285713
368,2002_46,18262.0,51.74000004285715,18262.0,51.74000004285715
372,2002_47,28608.0,81.0528575357143,28608.0,81.0528575357143
376,2002_48,20512.0,54.792856758571425,20512.0,54.792856758571425
380,2002_49,26774.0,41.245714459999995,26774.0,41.245714459999995
384,2002_5,96203.0,100.88571384857143,95820.0,100.47428567142858
388,2002_50,22328.0,34.40000016285715,22328.0,34.40000016285715
392,2002_51,27583.0,42.492857251428575,27583.0,42.492857251428575
396,2002_52,59388.0,91.49000004428571,59388.0,91.49000004428571
400,2002_6,96034.0,97.50428662857144,96034.0,97.50428662857144
404,2002_7,81234.0,82.47999899714286,81234.0,82.47999899714286
408,2002_8,97491.0,98.98428671714285,97491.0,98.98428671714285
412,2002_9,103813.0,105.32285635857143,103813.0,105.32285635857143
416,2003_1,58168.0,58.89375019,58108.0,58.81875038125
420,2003_10,62521.0,63.35857118714286,62521.0,63.35857118714286
424,2003_11,48765.0,49.421428681428566,48765.0,49.421428681428566
428,2003_12,45141.0,45.74428558428571,45141.0,45.74428558428571
432,2003_13,61157.0,61.97714397,60591.0,61.40428597571429
436,2003_14,65629.0,79.00857217,65483.0,78.86142948714284
440,2003_15,67534.0,83.40142931142857,67534.0,83.40142931142857
444,2003_16,53221.0,65.72428567285714,53221.0,65.72428567285714
448,2003_17,40249.0,49.70714296571429,40249.0,49.70714296571429
452,2003_18,33081.0,55.67428643428571,33081.0,55.67428643428571
456,2003_19,30199.0,61.55571419857143,30199.0,61.55571419857143
460,2003_2,61702.0,66.39857155714286,61702.0,66.39857155714286
464,2003_20,28198.0,57.477143424285714,28198.0,57.477143424285714
468,2003_21,27922.0,56.914285387142854,27922.0,56.914285387142854
472,2003_22,24204.0,52.85857118857143,24204.0,52.85857118857143
476,2003_23,21637.0,67.21000017428571,21637.0,67.21000017428571
480,2003_24,20595.0,63.06428636857142,20494.0,62.75857108
484,2003_25,19960.0,60.45714242142857,19791.0,59.94428634857143
488,2003_26,19278.0,58.391429357142854,19100.0,57.85285731571429
492,2003_27,18868.0,67.73000008714286,18668.0,67.01428604
496,2003_28,20049.0,73.81428527857143,19862.0,73.12428610857143
500,2003_29,18105.0,66.65714264,17914.0,65.95428466857143
504,2003_3,75838.0,81.60857173428572,75838.0,81.60857173428572
508,2003_30,17206.0,63.34571402428571,17013.0,62.637142725714284
512,2003_31,16930.0,66.22857229714286,16734.0,65.46142905
516,2003_32,16665.0,70.35571398,16469.0,69.52857099
520,2003_33,15867.0,66.98714337857143,15675.0,66.17571476571429
524,2003_34,14752.0,62.27999877857143,14556.0,61.45428575571429
528,2003_35,14313.0,60.42571422142857,14124.0,59.630001068571424
532,2003_36,14317.0,67.41571480857144,14129.0,66.53142874571428
536,2003_37,15102.0,71.11285727428572,14907.0,70.19571467857143
540,2003_38,14822.0,69.79285866857143,14645.0,68.96000017571428
544,2003_39,13213.0,62.22000013142857,13046.0,61.43142918142858
548,2003_4,99001.0,106.53714207142856,99001.0,106.53714207142856
552,2003_40,11806.0,52.34142902714286,11624.0,51.53285707714286
556,2003_41,10658.0,45.99428558285714,10472.0,45.19000026428571
560,2003_42,10015.0,43.21857125428572,9819.0,42.37285723
564,2003_43,10130.0,43.71428571571429,9937.0,42.88142885714286
568,2003_44,11476.0,43.79142815714285,11283.0,43.051428387142856
572,2003_45,13028.0,34.615714208571426,12831.0,34.09285681714285
576,2003_46,16304.0,43.31857081714286,16304.0,43.31857081714286
580,2003_47,21470.0,57.044287,21431.0,56.941429137142855
584,2003_48,19640.0,52.182857514285715,19493.0,51.79428591
588,2003_49,19940.0,28.76857131,19772.0,28.527143205714285
592,2003_5,109801.0,116.2300000857143,109801.0,116.2300000857143
596,2003_50,28799.0,41.549999237142856,28690.0,41.39285659571429
600,2003_51,41675.0,60.12571443857143,41675.0,60.12571443857143
604,2003_52,39880.0,57.53714316142857,39880.0,57.53714316142857
608,2003_6,112077.0,113.79571424000001,112077.0,113.79571424000001
612,2003_7,99573.0,101.09571402285714,99573.0,101.09571402285714
616,2003_8,76012.0,77.17428698,76012.0,77.17428698
620,2003_9,59740.0,60.62142780571429,59740.0,60.62142780571429
624,2004_1,18600.0,34.02999973,18559.0,33.9524993875
628,2004_10,135678.0,136.37285723,133377.0,134.05856759428573
632,2004_11,137808.0,138.51142883285715,137325.0,138.02857317142858
636,2004_12,147890.0,148.64428710857143,147441.0,148.19428580142858
640,2004_13,145995.0,146.74000113285715,138329.0,139.03571428571428
644,2004_14,129966.0,147.18714686571428,129377.0,146.57571846857144
648,2004_15,120056.0,147.8142831,119437.0,147.05142647999998
652,2004_16,109620.0,134.96571677,105579.0,129.9885733442857
656,2004_17,98403.0,121.15571376142857,98307.0,121.03714207142856
660,2004_18,103875.0,151.18428911285716,78719.0,112.68428802285715
664,2004_19,82614.0,167.88285609714285,59904.0,121.73142787285714
668,2004_2,36776.0,38.447142465714286,36776.0,38.447142465714286
672,2004_20,64309.0,130.6871425085714,57064.0,115.96285683714287
676,2004_21,48499.0,98.55714307428572,48455.0,98.46714346714285
680,2004_22,40392.0,82.08142961857142,40392.0,82.08142961857142
684,2004_23,35866.0,104.57428523714285,35866.0,104.57428523714285
688,2004_24,32321.0,99.46714237714286,32321.0,99.46714237714286
692,2004_25,30654.0,94.33428519285714,30654.0,94.33428519285714
696,2004_26,28694.0,88.30285862571428,28694.0,88.30285862571428
700,2004_27,28457.0,98.31857190857143,28457.0,98.31857190857143
704,2004_28,28358.0,106.06000082857143,28358.0,106.06000082857143
708,2004_29,27489.0,102.81000082857143,27489.0,102.81000082857143
712,2004_3,72461.0,75.75571496142857,70828.0,74.04857253857143
716,2004_30,26812.0,100.27714320714286,26502.0,99.11714281428571
720,2004_31,24588.0,93.83142961714286,24588.0,93.83142961714286
724,2004_32,23151.0,99.18714359857142,23151.0,99.18714359857142
728,2004_33,21423.0,91.78285653142858,21400.0,91.68428584428571
732,2004_34,20231.0,86.67428479714286,20113.0,86.16857147142856
736,2004_35,19889.0,85.20857347857142,19725.0,84.50571332714286
740,2004_36,19516.0,90.59714290142857,19345.0,89.8057142
744,2004_37,19854.0,94.89285604999999,19690.0,94.11142839571428
748,2004_38,18864.0,90.16142817857143,18741.0,89.57428523428572
752,2004_39,18275.0,87.34571184428572,18102.0,86.51857103571429
756,2004_4,123650.0,129.2728576657143,121033.0,126.5357131942857
760,2004_40,17631.0,81.29000091571427,17491.0,80.64285714142856
764,2004_41,19173.0,84.04285757857143,18975.0,83.17428588857142
768,2004_42,19517.0,85.54999978142857,19315.0,84.66428593285715
772,2004_43,18387.0,80.59857177857143,18186.0,79.71714346857142
776,2004_44,19220.0,84.25000109,19018.0,83.36428724142857
780,2004_45,20067.0,54.144284930000005,20032.0,54.04857090714285
784,2004_46,22159.0,59.78714261857142,22100.0,59.62999943285714
788,2004_47,20048.0,54.09428623714286,19899.0,53.68857193142857
792,2004_48,24395.0,65.82142857,24373.0,65.76285716285714
796,2004_49,26520.0,47.45857129857143,26520.0,47.45857129857143
800,2004_5,200270.0,207.69285583571428,159297.0,165.53856986
804,2004_50,26438.0,38.520000458571424,26438.0,38.520000458571424
808,2004_51,37509.0,54.03714316285714,37509.0,54.03714316285714
812,2004_52,39992.0,57.21571404428572,39992.0,57.21571404428572
816,2004_53,42301.0,84.730000304,42301.0,84.730000304
820,2004_6,185125.0,183.96714128857144,119012.0,118.26571328428572
824,2004_7,129316.0,128.50571441714285,105735.0,105.07285635857143
828,2004_8,101287.0,100.65428488571429,97271.0,96.6628581442857
832,2004_9,114731.0,114.01285770857143,112570.0,111.86428615
836,2005_1,87445.0,90.44714355428572,87445.0,90.44714355428572
840,2005_10,80796.0,80.40857042571429,71502.0,71.16000039285714
844,2005_11,94002.0,93.55142974857142,75226.0,74.86571502571428
848,2005_12,116354.0,115.79714311857143,88524.0,88.09857286857142
852,2005_13,129086.0,140.74714442571428,101426.0,110.45571354428571
856,2005_14,114015.0,138.95285470285714,104570.0,127.4428569242857
860,2005_15,94415.0,115.06714303142857,94395.0,115.04285757857143
864,2005_16,63420.0,77.28999873714285,58609.0,71.42857197428572
868,2005_17,53915.0,71.88857269428571,53593.0,71.48714229
872,2005_18,63053.0,126.82714298857142,51258.0,103.10142844142857
876,2005_19,49502.0,99.56999969428571,46011.0,92.54857090428571
880,2005_2,81499.0,84.29999978142857,81492.0,84.29285757857143
884,2005_20,42219.0,84.91857038142858,42078.0,84.63714272714286
888,2005_21,35777.0,71.96285901857142,35608.0,71.62428392714286
892,2005_22,33504.0,91.94714246571428,33468.0,91.84857068714287
896,2005_23,35284.0,107.44142695999999,35264.0,107.37999943428572
900,2005_24,30483.0,92.81857081857143,30476.0,92.79857090428571
904,2005_25,27590.0,84.01142665285714,27590.0,84.01142665285714
908,2005_26,27559.0,91.48000117714285,27515.0,91.31857299857143
912,2005_27,26009.0,96.02142879,25859.0,95.46857016285715
916,2005_28,24908.0,91.95714351142858,24763.0,91.42142922571429
920,2005_29,24064.0,88.84142957428571,23928.0,88.33857400142857
924,2005_3,82045.0,84.86285727428572,82045.0,84.86285727428572
928,2005_30,24169.0,89.22714342285714,24052.0,88.79571424285714
932,2005_31,21827.0,92.40428488571429,21715.0,91.93000030571429
936,2005_32,20593.0,87.18000030428571,20431.0,86.49428558285715
940,2005_33,20693.0,87.60000065571428,20515.0,86.84714398999999
944,2005_34,20546.0,86.98142678285714,20399.0,86.35857064285713
948,2005_35,20076.0,90.72428676000001,19937.0,90.10285731714285
952,2005_36,20217.0,95.75285557285714,20090.0,95.14999934571428
956,2005_37,20715.0,98.10999952,20515.0,97.16428484285714
960,2005_38,20982.0,99.37571389428571,20780.0,98.41999925714286
964,2005_39,19758.0,91.27857099428572,19558.0,90.35285622571429
968,2005_4,83217.0,86.07571520285714,83217.0,86.07571520285714
972,2005_40,21472.0,93.19428471142858,21273.0,92.32714408
976,2005_41,20558.0,89.22428676142856,20364.0,88.38142830857143
980,2005_42,18096.0,78.5357131942857,17896.0,77.66857147428571
984,2005_43,16751.0,72.70142800428572,16551.0,71.83428519142856
988,2005_44,16603.0,47.93428693714286,16402.0,47.351428438571425
992,2005_45,19174.0,50.90428597571429,19162.0,50.87285723
996,2005_46,31187.0,82.79571315142857,31187.0,82.79571315142857
1000,2005_47,36454.0,96.77857208285715,36454.0,96.77857208285715
1004,2005_48,53434.0,102.03857095,48049.0,91.82571411142858
1008,2005_49,76988.0,110.14714268142858,74840.0,107.07428632285713
1012,2005_5,90774.0,89.95857020714286,90753.0,89.93857029571429
1016,2005_50,106085.0,151.77856881428573,105439.0,150.85571289142857
1020,2005_51,103806.0,148.51856994714285,103189.0,147.6357160285714
1024,2005_52,85102.0,142.048332215,85102.0,142.048332215
1028,2005_53,20489.0,74.17499924,20489.0,74.17499924
1032,2005_6,82659.0,81.32857077571428,82414.0,81.08714294571428
1036,2005_7,117478.0,115.58857400142857,92965.0,91.47143009857143
1040,2005_8,125381.0,123.36428506,99227.0,97.62999943
1044,2005_9,102629.0,101.96000126428571,90195.0,89.61999947714285
1048,2006_1,104755.0,108.3542861942857,104755.0,108.3542861942857
1052,2006_10,53817.0,53.55857195285714,53767.0,53.508571624285715
1056,2006_11,73114.0,72.76428549857143,73066.0,72.71714237714285
1060,2006_12,86365.0,85.95142909428571,86300.0,85.88571493857144
1064,2006_13,114961.0,122.25142887714286,114740.0,121.99428776285713
1068,2006_14,112574.0,137.19857352,111877.0,136.34856959857143
1072,2006_15,96336.0,117.40714482,94263.0,114.88428606285713
1076,2006_16,81536.0,99.3699983857143,76715.0,93.49571555
1080,2006_17,76018.0,92.6457138057143,66362.0,80.87857055714287
1084,2006_18,67697.0,136.16857256142856,60174.0,121.03714207285714
1088,2006_19,53930.0,108.47714342428571,52232.0,105.06285749000001
1092,2006_2,103087.0,106.62714386142856,103087.0,106.62714386142856
1096,2006_20,45754.0,92.03142765428572,44413.0,89.33428628142858
1100,2006_21,37704.0,75.84000069714286,36950.0,74.32285744857143
1104,2006_22,32747.0,84.61571284571428,32445.0,83.79999978000001
1108,2006_23,30379.0,92.50571441571428,30166.0,91.85571398
1112,2006_24,26991.0,82.18857029285714,26798.0,81.60142843999999
1116,2006_25,25122.0,76.4971433357143,24977.0,76.05571528857142
1120,2006_26,25042.0,80.85857173428572,24977.0,80.63428606142858
1124,2006_27,23343.0,86.17857143,23268.0,85.90142931285713
1128,2006_28,23393.0,86.36285727285714,23393.0,86.36285727285714
1132,2006_29,22596.0,83.4214281357143,22596.0,83.4214281357143
1136,2006_3,90798.0,93.91999925714286,90798.0,93.91999925714286
1140,2006_30,21427.0,79.10428401285715,21404.0,79.01999773142857
1144,2006_31,21388.0,88.9142859342857,21218.0,88.20714351142858
1148,2006_32,21674.0,91.75571441714285,21674.0,91.75571441714285
1152,2006_33,21412.0,90.64857264857143,21301.0,90.17857143
1156,2006_34,20786.0,87.99714442714286,20622.0,87.30285644428571
1160,2006_35,20992.0,93.40285818857144,20820.0,92.63571493857144
1164,2006_36,20911.0,99.03857203999999,20743.0,98.24285670571429
1168,2006_37,19983.0,94.64571489714285,19821.0,93.87714276999999
1172,2006_38,20100.0,95.19714355714287,19957.0,94.52142879
1176,2006_39,20449.0,95.68000030571429,20287.0,94.92571476571428
1180,2006_4,73082.0,75.59000124571428,73012.0,75.52000100571429
1184,2006_40,20434.0,88.68428584428571,20277.0,88.00428663142857
1188,2006_41,21606.0,93.77142769857143,21444.0,93.07000078714285
1192,2006_42,27975.0,121.41571481142857,27873.0,120.97142791714285
1196,2006_43,37424.0,162.42428588857143,37322.0,161.9800022657143
1200,2006_44,44369.0,137.7842832285714,44237.0,137.35714285857142
1204,2006_45,45666.0,121.23714447,45228.0,120.07285635857144
1208,2006_46,62686.0,166.42285592285717,59296.0,157.42285810142857
1212,2006_47,78090.0,207.31714303142857,77749.0,206.41285705571428
1216,2006_48,61078.0,133.08856964142856,61078.0,133.08856964142856
1220,2006_49,59963.0,85.79142870142857,59963.0,85.79142870142857
1224,2006_5,50982.0,50.970000132857145,50812.0,50.79857145
1228,2006_50,87971.0,125.86285836142858,84894.0,121.46000126285715
1232,2006_51,102627.0,146.83285304714286,100695.0,144.06714521
1236,2006_52,114875.0,138.849998475,114875.0,138.849998475
1240,2006_6,45933.0,45.19428525571429,45758.0,45.02142879
1244,2006_7,49804.0,49.00142887714286,49604.0,48.805714197142855
1248,2006_8,49705.0,48.907142640000004,49528.0,48.73142841857143
1252,2006_9,51441.0,51.02142824428571,51256.0,50.83714239857143
1256,2007_1,119937.0,110.87250042,119937.0,110.87250042
1260,2007_10,147939.0,147.23143005285715,85453.0,85.04285758
1264,2007_11,156741.0,155.99142674142857,108166.0,107.64714268285715
1268,2007_12,157895.0,157.1371438157143,127617.0,127.00571441714285
1272,2007_13,96423.0,98.37857164714286,93557.0,95.52714320571428
1276,2007_14,67949.0,82.81285749142856,67921.0,82.77714429571428
1280,2007_15,54022.0,65.83857182142857,53958.0,65.76000050428571
1284,2007_16,48188.0,58.72714342571429,48160.0,58.6942858
1288,2007_17,46410.0,56.55999973857143,46410.0,56.55999973857143
1292,2007_18,41845.0,79.20285851571428,41845.0,79.20285851571428
1296,2007_19,37132.0,74.68999808142857,37132.0,74.68999808142857
1300,2007_2,114627.0,118.56428636857143,114627.0,118.56428636857143
1304,2007_20,31855.0,64.07285635857143,31843.0,64.04857090571429
1308,2007_21,25701.0,51.695713587142855,25701.0,51.695713587142855
1312,2007_22,24268.0,59.83857127571429,24268.0,59.83857127571429
1316,2007_23,28653.0,87.24857112428572,28653.0,87.24857112428572
1320,2007_24,28129.0,85.65428597571429,28129.0,85.65428597571429
1324,2007_25,26326.0,80.16285705428572,26326.0,80.16285705428572
1328,2007_26,25786.0,80.82142857142857,25786.0,80.82142857142857
1332,2007_27,21481.0,79.30428532285714,21481.0,79.30428532285714
1336,2007_28,21456.0,79.21285574571428,21456.0,79.21285574571428
1340,2007_29,21161.0,78.12285723142857,21161.0,78.12285723142857
1344,2007_3,119067.0,123.15571376428571,119067.0,123.15571376428571
1348,2007_30,20724.0,76.51142992428572,20724.0,76.51142992428572
1352,2007_31,20889.0,85.25857326,20889.0,85.25857326
1356,2007_32,21712.0,91.91571371857142,21712.0,91.91571371857142
1360,2007_33,20882.0,88.4028571,20882.0,88.4028571
1364,2007_34,20371.0,86.23999895428571,20371.0,86.23999895428571
1368,2007_35,19690.0,86.0657130642857,19690.0,86.0657130642857
1372,2007_36,16497.0,78.13428606285713,16452.0,77.91999925857144
1376,2007_37,15711.0,74.41142927,15711.0,74.41142927
1380,2007_38,14955.0,70.82999856142858,14955.0,70.82999856142858
1384,2007_39,14319.0,67.81857082,14319.0,67.81857082
1388,2007_4,122251.0,126.44999912714286,120539.0,124.67857251714285
1392,2007_40,14012.0,60.812857491428574,14012.0,60.812857491428574
1396,2007_41,12998.0,56.41285760285714,12998.0,56.41285760285714
1400,2007_42,12023.0,52.18142754571429,12023.0,52.18142754571429
1404,2007_43,12122.0,52.61142894142857,12122.0,52.61142894142857
1408,2007_44,10722.0,36.47857066571429,10722.0,36.47857066571429
1412,2007_45,10872.0,28.864286149999998,10872.0,28.864286149999998
1416,2007_46,11909.0,31.615714481428572,11909.0,31.615714481428572
1420,2007_47,15152.0,40.228570667142854,15119.0,40.13999939
1424,2007_48,19578.0,44.0971429,18962.0,42.511429105714285
1428,2007_49,25230.0,36.09714262714286,25215.0,36.07571411
1432,2007_5,128552.0,129.21714455714286,113897.0,114.64857264857143
1436,2007_50,33176.0,47.46571459,33176.0,47.46571459
1440,2007_51,32370.0,46.312856401428576,32370.0,46.312856401428576
1444,2007_52,42651.0,61.02142824428571,42651.0,61.02142824428571
1448,2007_6,134229.0,132.06857299714287,90717.0,89.25714220142858
1452,2007_7,152885.0,150.42428371,95509.0,93.97000013285715
1456,2007_8,168641.0,165.92857142857142,97241.0,95.67714364285715
1460,2007_9,157337.0,155.80428423285713,92003.0,91.08428518999999
1464,2008_1,76241.0,70.9622226288889,76207.0,70.92444525888888
1468,2008_10,84096.0,83.69428580285714,84096.0,83.69428580285714
1472,2008_11,85196.0,84.78714316285713,85196.0,84.78714316285713
1476,2008_12,99587.0,99.10857282428572,99587.0,99.10857282428572
1480,2008_13,105158.0,104.65285709857143,103824.0,103.32571520285714
1484,2008_14,156223.0,186.19571358857144,154549.0,184.21000017428574
1488,2008_15,110052.0,134.12428501714285,108440.0,132.15857260428572
1492,2008_16,78652.0,95.85428510428572,78481.0,95.64714268142858
1496,2008_17,73405.0,89.46142796142858,73405.0,89.46142796142858
1500,2008_18,60716.0,100.68285696857143,60716.0,100.68285696857143
1504,2008_19,50385.0,101.34571293428571,50385.0,101.34571293428571
1508,2008_2,43280.0,44.76714161428571,43280.0,44.76714161428571
1512,2008_20,40786.0,82.03714316142857,40786.0,82.03714316142857
1516,2008_21,33669.0,67.72142846285713,33669.0,67.72142846285713
1520,2008_22,28372.0,61.05714307428571,28372.0,61.05714307428571
1524,2008_23,26136.0,79.58428628142858,26136.0,79.58428628142858
1528,2008_24,24029.0,73.16999925857144,24029.0,73.16999925857144
1532,2008_25,22649.0,68.96714237571429,22495.0,68.49714333571428
1536,2008_26,21897.0,66.67714255285715,21876.0,66.61285727428572
1540,2008_27,20774.0,74.72000122142857,20774.0,74.72000122142857
1544,2008_28,19967.0,73.71571458999999,19967.0,73.71571458999999
1548,2008_29,19508.0,72.02000100428572,19508.0,72.02000100428572
1552,2008_3,30729.0,31.782857077142857,30729.0,31.782857077142857
1556,2008_30,18663.0,68.90142822142857,18663.0,68.90142822142857
1560,2008_31,18630.0,73.10857173285714,18630.0,73.10857173285714
1564,2008_32,18498.0,78.30857086285714,18497.0,78.30428532285714
1568,2008_33,17788.0,75.30428423142858,17788.0,75.30428423142858
1572,2008_34,17079.0,72.3028575357143,17079.0,72.3028575357143
1576,2008_35,16533.0,69.99285670571429,16533.0,69.99285670571429
1580,2008_36,14799.0,70.09285736,14704.0,69.64285714285714
1584,2008_37,14444.0,68.41000039142857,14434.0,68.36142948714286
1588,2008_38,13594.0,64.38285664142857,13540.0,64.12857110142856
1592,2008_39,13357.0,63.26285716428571,13335.0,63.15857097000001
1596,2008_4,37849.0,39.15000043571428,37849.0,39.15000043571428
1600,2008_40,15424.0,68.50571496285714,15424.0,68.50571496285714
1604,2008_41,17879.0,77.59714290285714,17879.0,77.59714290285714
1608,2008_42,15872.0,68.88571548571429,15872.0,68.88571548571429
1612,2008_43,13250.0,57.508572169999994,13250.0,57.508572169999994
1616,2008_44,12462.0,49.10857119,12403.0,48.93428557285714
1620,2008_45,9938.0,26.38428552,9798.0,26.012857438571427
1624,2008_46,11174.0,29.665714537142858,11174.0,29.665714537142858
1628,2008_47,20760.0,55.11571502571429,20760.0,55.11571502571429
1632,2008_48,36267.0,96.28285762142858,36267.0,96.28285762142858
1636,2008_49,49374.0,70.64285714285714,48834.0,69.86714281428571
1640,2008_5,43480.0,43.96857125571428,43480.0,43.96857125571428
1644,2008_50,43905.0,62.8157147,43470.0,62.19428634571428
1648,2008_51,46290.0,66.22999954142857,46290.0,66.22999954142857
1652,2008_52,52938.0,75.74142782857143,52756.0,75.47999899428571
1656,2008_6,61250.0,60.26571546428571,61250.0,60.26571546428571
1660,2008_7,84823.0,83.45857238857143,84823.0,83.45857238857143
1664,2008_8,101465.0,99.83428628285715,101465.0,99.83428628285715
1668,2008_9,89096.0,87.94428689142856,89096.0,87.94428689142856
1672,2009_1,50193.0,90.85499954,50193.0,90.85499954
1676,2009_10,95170.0,94.71428680285715,95170.0,94.71428680285715
1680,2009_11,74816.0,74.45857129714285,74816.0,74.45857129714285
1684,2009_12,63169.0,62.86571502857142,63169.0,62.86571502857142
1688,2009_13,61588.0,61.29142870142857,61588.0,61.29142870142857
1692,2009_14,65594.0,75.94571468000001,65594.0,75.94571468000001
1696,2009_15,88600.0,107.9800000857143,88600.0,107.9800000857143
1700,2009_16,109110.0,132.9757178157143,108480.0,132.20857238714285
1704,2009_17,99577.0,121.35714285571429,99577.0,121.35714285571429
1708,2009_18,72500.0,109.01714325,64627.0,95.52142878857144
1712,2009_19,62376.0,125.46571568142858,56177.0,112.99428667571429
1716,2009_2,106562.0,110.22285788571428,105085.0,108.69714464571429
1720,2009_20,61709.0,124.12428610428572,54544.0,109.71000017428571
1724,2009_21,51585.0,103.75857217,46455.0,93.44142804857142
1728,2009_22,41215.0,82.90142822285715,40948.0,82.36428615142857
1732,2009_23,37167.0,113.17428697714286,37167.0,113.17428697714286
1736,2009_24,32814.0,99.91857147285714,32814.0,99.91857147285714
1740,2009_25,29586.0,90.09142848571427,29586.0,90.09142848571427
1744,2009_26,30815.0,93.83285740285714,30815.0,93.83285740285714
1748,2009_27,26718.0,93.80999864571429,26718.0,93.80999864571429
1752,2009_28,27591.0,101.86000061,27591.0,101.86000061
1756,2009_29,26920.0,99.38428715571429,26920.0,99.38428715571429
1760,2009_3,122954.0,127.17714255285715,122629.0,126.84142848571427
1764,2009_30,25052.0,92.48714338,25052.0,92.48714338
1768,2009_31,22428.0,86.28857094857143,22428.0,86.28857094857143
1772,2009_32,24292.0,102.83856963857144,24292.0,102.83856963857144
1776,2009_33,19756.0,83.63714381571428,19756.0,83.63714381571428
1780,2009_34,19159.0,81.10714285714286,19159.0,81.10714285714286
1784,2009_35,18378.0,77.80285862571428,18378.0,77.80285862571428
1788,2009_36,20411.0,95.30571311000001,20411.0,95.30571311000001
1792,2009_37,21932.0,103.87428610571429,21932.0,103.87428610571429
1796,2009_38,21628.0,102.43428584428571,21628.0,102.43428584428571
1800,2009_39,20678.0,97.93571581285714,20618.0,97.65142822285715
1804,2009_4,124870.0,129.16000148142857,124823.0,129.11142839714287
1808,2009_40,19902.0,89.63428497285715,19866.0,89.46428571428571
1812,2009_41,24825.0,107.74428558428572,24825.0,107.74428558428572
1816,2009_42,22588.0,98.03428540857144,22588.0,98.03428540857144
1820,2009_43,29639.0,128.63571494,29639.0,128.63571494
1824,2009_44,44346.0,182.19571576714287,44271.0,181.9914310985714
1828,2009_45,55918.0,148.45428466857143,53828.0,142.90571485142857
1832,2009_46,62509.0,165.95285906,62509.0,165.95285906
1836,2009_47,57051.0,151.46285792714284,57051.0,151.46285792714284
1840,2009_48,48326.0,128.2985719942857,48326.0,128.2985719942857
1844,2009_49,35913.0,58.11142948714286,35913.0,58.11142948714286
1848,2009_5,102569.0,105.47999899714286,101731.0,104.61428615
1852,2009_50,37197.0,53.218571798571425,37197.0,53.218571798571425
1856,2009_51,60682.0,86.81857082,60682.0,86.81857082
1860,2009_52,73699.0,105.44428580142858,73699.0,105.44428580142858
1864,2009_53,40096.0,100.38999748,40096.0,100.38999748
1868,2009_6,94885.0,93.35999843,94885.0,93.35999843
1872,2009_7,106434.0,104.72142900714286,106434.0,104.72142900714286
1876,2009_8,106122.0,104.41428484285714,106122.0,104.41428484285714
1880,2009_9,102428.0,100.94142804571428,102428.0,100.94142804571428
1884,2010_1,68901.0,71.26714325142856,68901.0,71.26714325142856
1888,2010_10,44596.0,44.38142885285714,44223.0,44.00999995571429
1892,2010_11,62308.0,62.00999995571429,62308.0,62.00999995571429
1896,2010_12,69063.0,68.73142951,69063.0,68.73142951
1900,2010_13,60084.0,67.34000069571428,60084.0,67.34000069571428
1904,2010_14,66567.0,81.12714276999999,66327.0,80.83571406857142
1908,2010_15,66346.0,80.85857282571429,65785.0,80.17571476571428
1912,2010_16,60301.0,73.49142892142856,60301.0,73.49142892142856
1916,2010_17,34592.0,48.66571372,34592.0,48.66571372
1920,2010_18,26392.0,53.08571461142857,26392.0,53.08571461142857
1924,2010_19,26845.0,53.99857166714286,26845.0,53.99857166714286
1928,2010_2,89813.0,92.89714377142857,89813.0,92.89714377142857
1932,2010_20,25286.0,50.86142894142857,25286.0,50.86142894142857
1936,2010_21,26766.0,53.83857073142857,26766.0,53.83857073142857
1940,2010_22,24861.0,71.91714314,24798.0,71.72428621714286
1944,2010_23,23379.0,71.18999917,23205.0,70.65999930142857
1948,2010_24,19549.0,59.52714266142857,19426.0,59.15285764428571
1952,2010_25,19703.0,59.99428558428571,19703.0,59.99428558428571
1956,2010_26,19943.0,67.77285712,19943.0,67.77285712
1960,2010_27,18353.0,67.75571550571429,18353.0,67.75571550571429
1964,2010_28,17868.0,65.96428680428572,17804.0,65.72857121
1968,2010_29,17392.0,64.20857075142858,17230.0,63.61000061142857
1972,2010_3,75818.0,78.42142922571429,75818.0,78.42142922571429
1976,2010_30,15504.0,58.37285777571429,15389.0,57.932857514285715
1980,2010_31,15663.0,66.3071419857143,15600.0,66.04142761285713
1984,2010_32,15845.0,67.08000074142856,15725.0,66.56999969571429
1988,2010_33,14558.0,61.63142885285714,14412.0,61.012856619999994
1992,2010_34,13279.0,56.21714292,13136.0,55.609999519999995
1996,2010_35,13279.0,61.01571491714286,13136.0,60.36142839571429
2000,2010_36,13542.0,64.13857105714285,13395.0,63.44142805142857
2004,2010_37,13773.0,65.2300000857143,13606.0,64.44000080714285
2008,2010_38,13417.0,63.548569812857146,13288.0,62.93571417857142
2012,2010_39,14490.0,66.21142796142857,14351.0,65.57428687
2016,2010_4,54067.0,55.92571422142857,54067.0,55.92571422142857
2020,2010_40,14731.0,63.931429727142856,14603.0,63.37857164857143
2024,2010_41,16284.0,70.67428588857142,16128.0,69.99714224857142
2028,2010_42,16311.0,70.79142761285713,16174.0,70.19857243285715
2032,2010_43,20637.0,89.56714303285715,20515.0,89.03714098142858
2036,2010_44,21661.0,57.50714329428571,21572.0,57.27142824285715
2040,2010_45,29834.0,79.20428521428572,29770.0,79.03571428571429
2044,2010_46,42468.0,112.74571446285714,42468.0,112.74571446285714
2048,2010_47,48116.0,127.74285670571429,48116.0,127.74285670571429
2052,2010_48,51767.0,91.92285701285714,51767.0,91.92285701285714
2056,2010_49,60590.0,86.68714250714287,60590.0,86.68714250714287
2060,2010_5,46136.0,45.39285659714285,46136.0,45.39285659714285
2064,2010_50,72925.0,104.33714403428571,72925.0,104.33714403428571
2068,2010_51,69291.0,99.13714490714285,69291.0,99.13714490714285
2072,2010_52,44876.0,89.888000488,44876.0,89.888000488
2076,2010_53,27482.0,66.32666778666668,27482.0,66.32666778666668
2080,2010_6,48670.0,47.88714381571429,48670.0,47.88714381571429
2084,2010_7,32717.0,32.19000053285715,32717.0,32.19000053285715
2088,2010_8,30120.0,29.635714394285714,30120.0,29.635714394285714
2092,2010_9,40782.0,40.58714294285715,40761.0,40.565714154285715
2096,2011_1,58037.0,60.02999987142857,58037.0,60.02999987142857
2100,2011_10,49947.0,49.70714242142857,48998.0,48.761428287142856
2104,2011_11,86908.0,86.49285670571429,85664.0,85.25285666142858
2108,2011_12,114221.0,113.67285919142857,114119.0,113.57143075142858
2112,2011_13,120774.0,131.89285496285714,120774.0,131.89285496285714
2116,2011_14,118756.0,144.73143223142856,118756.0,144.73143223142856
2120,2011_15,112693.0,137.34285845,112693.0,137.34285845
2124,2011_16,103244.0,125.82714407714286,103244.0,125.82714407714286
2128,2011_17,78839.0,103.34142739428572,78839.0,103.34142739428572
2132,2011_18,52833.0,106.27142879,52833.0,106.27142879
2136,2011_19,42695.0,85.87857055714287,42695.0,85.87857055714287
2140,2011_2,93946.0,97.17285592,93946.0,97.17285592
2144,2011_20,37482.0,75.39000047857144,37482.0,75.39000047857144
2148,2011_21,32308.0,64.98428671571428,32308.0,64.98428671571428
2152,2011_22,28943.0,79.50857217,28899.0,79.37571389428571
2156,2011_23,26169.0,79.68714250714287,26052.0,79.32714298857142
2160,2011_24,24792.0,75.49285779714286,24792.0,75.49285779714286
2164,2011_25,24937.0,75.93571363285714,24937.0,75.93571363285714
2168,2011_26,25183.0,83.78142874571428,25183.0,83.78142874571428
2172,2011_27,22554.0,83.26428658428571,22554.0,83.26428658428571
2176,2011_28,22045.0,81.38714272571428,22045.0,81.38714272571428
2180,2011_29,21625.0,79.83428519142856,21625.0,79.83428519142856
2184,2011_3,110068.0,113.84999956571428,110068.0,113.84999956571428
2188,2011_30,20636.0,76.18428584428571,20636.0,76.18428584428571
2192,2011_31,18214.0,77.10714176571427,18214.0,77.10714176571427
2196,2011_32,17227.0,72.92999921285714,17227.0,72.92999921285714
2200,2011_33,17180.0,72.73142787571429,17180.0,72.73142787571429
2204,2011_34,16150.0,68.37142835285714,16150.0,68.37142835285714
2208,2011_35,15735.0,71.15857151428573,15735.0,71.15857151428573
2212,2011_36,16307.0,77.23428671714285,16253.0,76.97857121
2216,2011_37,15004.0,71.06428636714286,14881.0,70.48000117857143
2220,2011_38,14960.0,70.85428728428572,14900.0,70.57000078571429
2224,2011_39,14183.0,65.59857177857143,14173.0,65.55142865857142
2228,2011_4,111681.0,115.51714325,111681.0,115.51714325
2232,2011_40,13657.0,59.27428545285714,13558.0,58.842856815714285
2236,2011_41,14664.0,63.64285714428571,14562.0,63.19999912714286
2240,2011_42,20046.0,87.00142887714286,19931.0,86.50571441714285
2244,2011_43,28048.0,121.73142787428571,28048.0,121.73142787428571
2248,2011_44,30823.0,89.9171425942857,30802.0,89.86142839571428
2252,2011_45,27107.0,71.96428571571428,27055.0,71.82571411
2256,2011_46,25783.0,68.45000076428572,25770.0,68.41571535428571
2260,2011_47,24603.0,65.31857136428572,24603.0,65.31857136428572
2264,2011_48,38239.0,72.40285710142857,37930.0,71.96142796142857
2268,2011_49,61497.0,87.98714338,61225.0,87.59857177714285
2272,2011_5,105272.0,104.40000043571429,105266.0,104.39428601857142
2276,2011_50,83018.0,118.77571433,83018.0,118.77571433
2280,2011_51,76806.0,109.88714272571428,76806.0,109.88714272571428
2284,2011_52,99987.0,118.91750287875,99987.0,118.91750287875
2288,2011_6,70843.0,69.70285633571429,70843.0,69.70285633571429
2292,2011_7,49185.0,48.39428601857143,49074.0,48.284285954285714
2296,2011_8,44948.0,44.222856792857144,44844.0,44.121428352857144
2300,2011_9,44890.0,44.59571402428571,43579.0,43.291429248571426
2304,2012_1,117896.0,108.24499940875,116107.0,106.58750009625
2308,2012_10,51977.0,51.72714233428571,51953.0,51.704285212857144
2312,2012_11,37870.0,37.68857138714286,37812.0,37.63142831
2316,2012_12,32973.0,32.81428527857143,32952.0,32.79285648857143
2320,2012_13,45388.0,46.93857192857143,45382.0,46.931428634285716
2324,2012_14,57875.0,70.53428540714286,57875.0,70.53428540714286
2328,2012_15,46106.0,56.19142804714286,46106.0,56.19142804714286
2332,2012_16,37908.0,46.201428005714284,37908.0,46.201428005714284
2336,2012_17,33253.0,40.52571432714286,33253.0,40.52571432714286
2340,2012_18,28322.0,53.60714340428571,28322.0,53.60714340428571
2344,2012_19,26662.0,53.62714276857143,26662.0,53.62714276857143
2348,2012_2,121052.0,125.21142687,119710.0,123.82285635714285
2352,2012_20,25458.0,51.20714242142857,25458.0,51.20714242142857
2356,2012_21,24038.0,48.34857123142857,24038.0,48.34857123142857
2360,2012_22,26384.0,64.80714143857143,26384.0,64.80714143857143
2364,2012_23,25535.0,77.75428662857144,25535.0,77.75428662857144
2368,2012_24,24808.0,75.54285648857142,24640.0,75.02999987
2372,2012_25,25914.0,78.90857151714285,25859.0,78.74000004428571
2376,2012_26,23396.0,73.22571454571428,23376.0,73.1628581442857
2380,2012_27,20331.0,75.05714089428571,20268.0,74.82571193
2384,2012_28,19513.0,72.03714316142857,19404.0,71.63714381714286
2388,2012_29,19501.0,71.99285779714286,19388.0,71.57571411142858
2392,2012_3,124287.0,128.55428532142858,124038.0,128.29857090571429
2396,2012_30,17239.0,63.64285768857143,17111.0,63.17000035
2400,2012_31,16558.0,67.52714266,16392.0,66.85142843999999
2404,2012_32,16156.0,68.39571271571428,16048.0,67.93999917142857
2408,2012_33,16088.0,68.10714176571429,15929.0,67.43428693428572
2412,2012_34,15158.0,64.16999926,15029.0,63.62285777714286
2416,2012_35,14719.0,64.41857201714286,14600.0,63.89571489428572
2420,2012_36,14377.0,68.09285736142857,14336.0,67.89999934857143
2424,2012_37,13441.0,63.660000391428575,13248.0,62.74428503857143
2428,2012_38,13782.0,65.27428599571428,13697.0,64.87142726428571
2432,2012_39,12895.0,61.07285690285715,12855.0,60.884285518571424
2436,2012_4,122704.0,126.91857147285714,122704.0,126.91857147285714
2440,2012_40,12498.0,54.24285725,12441.0,53.99571500571428
2444,2012_41,11981.0,51.99857166714286,11860.0,51.47571400142857
2448,2012_42,11366.0,49.33000019714286,11238.0,48.77571432999999
2452,2012_43,11056.0,47.98285784,10897.0,47.29571424
2456,2012_44,12226.0,40.51857130714286,12113.0,40.15285764428571
2460,2012_45,15975.0,42.41142872571429,15943.0,42.32714353428571
2464,2012_46,24286.0,64.47428567,24268.0,64.42714255142857
2468,2012_47,46217.0,122.69714355428572,46217.0,122.69714355428572
2472,2012_48,62676.0,145.12142726285714,62667.0,145.09714180999998
2476,2012_49,54264.0,77.63714272428571,54202.0,77.54714202857143
2480,2012_5,119502.0,119.3157130642857,119502.0,119.3157130642857
2484,2012_50,56586.0,80.95857129714285,56545.0,80.90000043571429
2488,2012_51,38441.0,54.99857167142857,38441.0,54.99857167142857
2492,2012_52,48420.0,55.45750045875,48028.0,54.96750021125
2496,2012_6,118247.0,116.34428624,118247.0,116.34428624
2500,2012_7,111996.0,110.1928569242857,106932.0,105.21142796000001
2504,2012_8,94389.0,92.87000056714285,87625.0,86.21571350142857
2508,2012_9,69513.0,68.80856977142857,69513.0,68.80856977142857
2512,2013_1,56509.0,61.932500125,55088.0,60.41749930500001
2516,2013_10,38714.0,38.527142659999996,37884.0,37.70142854714286
2520,2013_11,37158.0,36.979999541428576,36580.0,36.40428597571429
2524,2013_12,34707.0,34.53999982571428,33801.0,33.63857214857143
2528,2013_13,35061.0,34.89285714142857,33955.0,33.791428704285714
2532,2013_14,40976.0,49.937143052857145,40641.0,49.52999986857143
2536,2013_15,60038.0,73.16999926000001,60038.0,73.16999926000001
2540,2013_16,56199.0,68.49142892142858,55970.0,68.21285683857143
2544,2013_17,67664.0,82.46285683857143,66996.0,81.64857155857143
2548,2013_18,55298.0,96.54714311857143,55172.0,96.3542861942857
2552,2013_19,35064.0,70.52857099285714,34335.0,69.06142807
2556,2013_2,25076.0,25.937142505714284,24489.0,25.331428527142858
2560,2013_20,27017.0,54.34285790714286,26861.0,54.02999987142857
2564,2013_21,23510.0,47.288570948571426,23135.0,46.53571428428571
2568,2013_22,21193.0,48.82857077285714,20987.0,48.36428560571428
2572,2013_23,22551.0,68.66714259571428,22357.0,68.0785718642857
2576,2013_24,25496.0,77.6342860642857,25413.0,77.38428388285715
2580,2013_25,25542.0,77.77571214714285,25387.0,77.30714307428572
2584,2013_26,21046.0,64.08571352428571,20862.0,63.52714211571429
2588,2013_27,19180.0,70.80857304285715,18991.0,70.11000061142856
2592,2013_28,18263.0,67.42428698,18154.0,67.02142988
2596,2013_29,17541.0,64.76000050142856,17415.0,64.29142815714286
2600,2013_3,26743.0,27.66571399,24522.0,25.36285700285714
2604,2013_30,17192.0,63.47000013142857,17053.0,62.955714088571426
2608,2013_31,16190.0,64.76714324857143,16023.0,64.09000124285714
2612,2013_32,16315.0,69.06857081857143,16144.0,68.34571402285714
2616,2013_33,16340.0,69.17428697857143,16167.0,68.4428580142857
2620,2013_34,15524.0,65.71999903999999,15347.0,64.96999903999999
2624,2013_35,14863.0,63.9585713,14719.0,63.3371424
2628,2013_36,13570.0,64.27142769857143,13412.0,63.52285766571429
2632,2013_37,12476.0,59.088571820000006,12325.0,58.37428610714286
2636,2013_38,12450.0,58.96714292428572,12280.0,58.15999930142857
2640,2013_39,13087.0,61.98142842,12922.0,61.20285688285714
2644,2013_4,44672.0,46.20857184285715,43075.0,44.55571419857143
2648,2013_40,12065.0,53.075714655714286,11909.0,52.39571435
2652,2013_41,12065.0,52.362857274285716,11901.0,51.65142822285714
2656,2013_42,12749.0,55.33142798,12569.0,54.54999978285714
2660,2013_43,18010.0,78.16571371714285,17840.0,77.42714255285715
2664,2013_44,16521.0,59.68142863714286,16464.0,59.43999917142857
2668,2013_45,16665.0,44.245714459999995,16620.0,44.124286652857144
2672,2013_46,16277.0,43.21142850571429,16247.0,43.13142830857142
2676,2013_47,16941.0,44.97571454714286,16865.0,44.77428545142857
2680,2013_48,25809.0,63.301427568571434,25687.0,62.99428613
2684,2013_49,30149.0,43.13428606142857,30104.0,43.069999692857145
2688,2013_5,60079.0,60.79999978285714,58069.0,58.77142879
2692,2013_50,42050.0,60.161428179999994,42002.0,60.09285681714285
2696,2013_51,67600.0,96.71571459142856,63750.0,91.20714351142858
2700,2013_52,102057.0,146.01571437285716,96268.0,137.73285892857143
2704,2013_6,71952.0,70.79285866857143,70859.0,69.71857234428572
2708,2013_7,84498.0,83.13857160285714,83807.0,82.45999908285715
2712,2013_8,78452.0,77.19000026428571,78269.0,77.01000104714285
2716,2013_9,52657.0,52.03428595571428,52524.0,51.90428597571429
2720,2014_1,93804.0,92.50500011375,93153.0,91.9049997325
2724,2014_10,27787.0,27.655714308571426,27760.0,27.627143042857142
2728,2014_11,27979.0,27.847142901428573,27922.0,27.788571222857144
2732,2014_12,27913.0,27.778571264285716,27852.0,27.71714265
2736,2014_13,28654.0,28.517142978571428,28642.0,28.504285812857145
2740,2014_14,26680.0,31.691428594285714,26582.0,31.571428298571426
2744,2014_15,46648.0,56.85142735142857,46588.0,56.77857153857143
2748,2014_16,40874.0,49.814285822857144,40837.0,49.768572125714286
2752,2014_17,31685.0,38.61571339,31620.0,38.535714285714285
2756,2014_18,29291.0,49.13000052571429,29241.0,49.047142574285715
2760,2014_19,25254.0,50.79714311714286,25184.0,50.657142637142854
2764,2014_2,99132.0,102.53714425142857,99123.0,102.52857208142858
2768,2014_20,23005.0,46.272856575714286,22865.0,45.99142892
2772,2014_21,19580.0,39.384285518571424,19489.0,39.19999967285714
2776,2014_22,17998.0,38.745713914285716,17863.0,38.447143555714284
2780,2014_23,16168.0,49.23285729571428,16006.0,48.73857225571429
2784,2014_24,15124.0,46.054285320000005,14989.0,45.64428547428572
2788,2014_25,14650.0,44.61000061,14524.0,44.225713999999996
2792,2014_26,14170.0,43.15000043571428,13999.0,42.62714222428571
2796,2014_27,14339.0,51.63999993428571,14138.0,50.91285705571429
2800,2014_28,14953.0,55.20142855,14805.0,54.657142637142854
2804,2014_29,15497.0,57.21142850571429,15443.0,57.01285716428571
2808,2014_3,90624.0,93.73571450142857,90572.0,93.68142808857144
2812,2014_30,16310.0,60.214285714285715,16158.0,59.65428488571428
2816,2014_31,16975.0,66.33857127571429,16831.0,65.77857262714285
2820,2014_32,15427.0,65.31142698,15299.0,64.76857158142857
2824,2014_33,15015.0,63.565713609999996,14915.0,63.14142881142857
2828,2014_34,14147.0,59.89000047857143,14002.0,59.277141570000005
2832,2014_35,13483.0,57.08142852857143,13301.0,56.30857140714286
2836,2014_36,13702.0,64.89571489571429,13628.0,64.54428645571429
2840,2014_37,14122.0,66.88571494,13967.0,66.15000043428572
2844,2014_38,13934.0,65.99571555,13825.0,65.47857121
2848,2014_39,12843.0,60.82714298714286,12705.0,60.17285701142857
2852,2014_4,49364.0,51.058570859999996,49364.0,51.058570859999996
2856,2014_40,12526.0,55.78714261571429,12424.0,55.33428628142857
2860,2014_41,10872.0,47.18714305428572,10739.0,46.60857119
2864,2014_42,10666.0,46.29285757857143,10556.0,45.812856947142855
2868,2014_43,9530.0,41.36142785142857,9414.0,40.85714285571429
2872,2014_44,9329.0,36.19714273857143,9207.0,35.75999968285714
2876,2014_45,11100.0,29.46857152714286,10985.0,29.16428565857143
2880,2014_46,15539.0,41.254285540000005,15464.0,41.05285699142858
2884,2014_47,22674.0,60.19428634571428,22674.0,60.19428634571428
2888,2014_48,23440.0,62.22857121,23364.0,62.02857099142857
2892,2014_49,27470.0,39.30285698857143,27462.0,39.29142870142857
2896,2014_5,36311.0,37.04142815857143,36275.0,37.004286085714284
2900,2014_50,39209.0,56.09714344571428,39113.0,55.95999962857143
2904,2014_51,58014.0,83.00142778571428,57390.0,82.1085706442857
2908,2014_52,56507.0,80.84714290142857,54223.0,77.57571302142857
2912,2014_6,38422.0,37.804285320000005,38333.0,37.717142377142856
2916,2014_7,29775.0,29.295714242857144,29655.0,29.17714255142857
2920,2014_8,22143.0,21.787143162857145,22037.0,21.681428909999998
2924,2014_9,21162.0,20.894285747142856,21115.0,20.848571502857144
2928,2015_1,26347.0,47.692500115,26261.0,47.53499985
2932,2015_10,40444.0,40.25142833142858,40350.0,40.15714155
2936,2015_11,33554.0,33.39285686857143,33420.0,33.25857135142857
2940,2015_12,35366.0,35.19714355714286,35218.0,35.04857090428571
2944,2015_13,45132.0,44.91571426285714,45023.0,44.805714197142855
2948,2015_14,52272.0,60.52142769857143,52156.0,60.382857187142854
2952,2015_15,57848.0,70.50142887571428,57654.0,70.26428549714286
2956,2015_16,46429.0,56.58428682714286,46314.0,56.44571358857143
2960,2015_17,41570.0,50.661428179999994,41420.0,50.480000087142855
2964,2015_18,33785.0,51.97857121,33621.0,51.717143469999996
2968,2015_19,33735.0,67.85714285857144,33572.0,67.52857208285714
2972,2015_2,38170.0,39.48285729571428,38043.0,39.351428441428574
2976,2015_20,31704.0,63.76857103571428,31573.0,63.50571441571429
2980,2015_21,27281.0,54.874285562857146,27132.0,54.57428687142857
2984,2015_22,26540.0,53.38428606142857,26400.0,53.09999956285714
2988,2015_23,21351.0,65.01428495,21193.0,64.53571374142857
2992,2015_24,18065.0,55.00999941142857,17891.0,54.47714233428571
2996,2015_25,17137.0,52.1842853,16963.0,51.65285709857143
3000,2015_26,16205.0,49.34571402428571,16011.0,48.75285720714286
3004,2015_27,14626.0,51.222857337142855,14494.0,50.752856661428574
3008,2015_28,14687.0,54.22142846285714,14502.0,53.53714316142857
3012,2015_29,13148.0,48.54142870285715,12976.0,47.90571376142857
3016,2015_3,26920.0,27.842857087142857,26789.0,27.708571298571428
3020,2015_30,14289.0,52.75285666571428,14096.0,52.041428704285714
3024,2015_31,13403.0,51.50571441714286,13192.0,50.69999967142858
3028,2015_32,12486.0,52.86142839714286,12346.0,52.26571437142858
3032,2015_33,12013.0,50.85714231285714,11850.0,50.168572018571425
3036,2015_34,12015.0,50.86285673,11857.0,50.19428580142857
3040,2015_35,11790.0,49.914285387142854,11673.0,49.41571371857143
3044,2015_36,10898.0,50.83142853,10730.0,50.04857090571428
3048,2015_37,8961.0,42.44142913857143,8804.0,41.69857079714286
3052,2015_38,9462.0,44.81428636857142,9286.0,43.97857175571429
3056,2015_39,9466.0,44.83285740428572,9299.0,44.04142870142857
3060,2015_4,18369.0,19.00000000142857,18223.0,18.85000011
3064,2015_40,10693.0,48.06857190714286,10505.0,47.22142901
3068,2015_41,8383.0,36.38428579,8171.0,35.461428232857145
3072,2015_42,6615.0,28.71000017571429,6410.0,27.82000051142857
3076,2015_43,5990.0,25.997142518571426,5798.0,25.16428593142857
3080,2015_44,5712.0,23.53857163,5516.0,22.735714367142858
3084,2015_45,4828.0,12.817142895714285,4634.0,12.302857127142858
3088,2015_46,6792.0,18.03285721142857,6602.0,17.527142932857142
3092,2015_47,8228.0,21.84428596714286,8016.0,21.28142847285714
3096,2015_48,9517.0,25.265714647142858,9346.0,24.81285722
3100,2015_49,15900.0,24.645714351428573,15740.0,24.39857156
3104,2015_5,13770.0,14.150000027142857,13677.0,14.052857125714285
3108,2015_50,24318.0,34.79285730714286,24170.0,34.57999992285714
3112,2015_51,22165.0,31.714285714285715,22019.0,31.50571414285714
3116,2015_52,23310.0,33.350000654285715,23147.0,33.117143358571425
3120,2015_53,14446.0,36.170000075000004,14353.0,35.93500042
3124,2015_6,16913.0,16.639999935714286,16824.0,16.55428573142857
3128,2015_7,21944.0,21.59285681571429,21905.0,21.552856991428573
3132,2015_8,32901.0,32.37285695714286,32740.0,32.214285167142855
3136,2015_9,52153.0,51.39142826571429,51888.0,51.131428854285716
3140,2016_1,25587.0,26.464285714285715,25394.0,26.26428576857143
3144,2016_10,33076.0,32.91857092714286,32891.0,32.73285675
3148,2016_11,29376.0,29.2342859,29217.0,29.075714112857145
3152,2016_12,34074.0,33.909999302857145,33893.0,33.72857121
3156,2016_13,30487.0,33.079999924285715,30265.0,32.83714239714286
3160,2016_14,23080.0,28.12857110285714,22885.0,27.890000207142858
3164,2016_15,19876.0,24.22142846428571,19706.0,24.01714243142857
3168,2016_16,15556.0,18.957142965714286,15381.0,18.745714458571427
3172,2016_17,13582.0,18.01428577,13397.0,17.771428654285714
3176,2016_18,11910.0,23.955714089999997,11722.0,23.578571592857145
3180,2016_19,11003.0,22.13142912714286,10786.0,21.695714132857145
3184,2016_2,26200.0,27.10000010857143,26071.0,26.967142922857143
3188,2016_20,12244.0,24.627142768571428,12055.0,24.24857112285714
3192,2016_21,11920.0,23.975714275714285,11712.0,23.55571419714286
3196,2016_22,9951.0,27.22000013,9763.0,26.69999967142857
3200,2016_23,10568.0,32.18000003428572,10398.0,31.662857055714287
3204,2016_24,10199.0,31.054285867142855,9988.0,30.41428566
3208,2016_25,10150.0,30.90714291142857,9981.0,30.39142826571429
3212,2016_26,10190.0,33.76285689,9998.0,33.12714222571429
3216,2016_27,9186.0,33.9128576,9032.0,33.34571402428572
3220,2016_28,8145.0,30.06999996857143,7960.0,29.387142724285713
3224,2016_29,8357.0,30.854285921428573,8186.0,30.21857152714286
3228,2016_3,59325.0,61.36428615142857,55925.0,57.84714290142857
3232,2016_30,8883.0,32.795713698571426,8739.0,32.26285689142857
3236,2016_31,9279.0,39.282857622857144,9085.0,38.46142850571429
3240,2016_32,8775.0,37.14857210571428,8606.0,36.43428639
3244,2016_33,8902.0,37.687143052857145,8700.0,36.83142907285714
3248,2016_34,9497.0,40.20571409,9272.0,39.252856661428574
3252,2016_35,8689.0,39.34285736142857,8514.0,38.55428586714286
3256,2016_36,8203.0,38.852857317142856,8015.0,37.96142850428571
3260,2016_37,7788.0,36.88857105857143,7605.0,36.017143794285715
3264,2016_38,7918.0,37.502857752857146,7714.0,36.53285707571429
3268,2016_39,8005.0,36.95857184285715,7806.0,36.035714832857145
3272,2016_4,106545.0,110.20571354428571,95648.0,98.93285805999999
3276,2016_40,8831.0,38.32714298714286,8690.0,37.715713501428574
3280,2016_41,9115.0,39.56142861428572,8970.0,38.93142918285714
3284,2016_42,9985.0,43.33714294428571,9794.0,42.508572169999994
3288,2016_43,9845.0,42.72857121142857,9667.0,41.95571409
3292,2016_44,8231.0,23.78285735,8074.0,23.31714248571429
3296,2016_45,9321.0,24.747142789999998,9173.0,24.35142844142857
3300,2016_46,13767.0,36.54857035857143,13657.0,36.25714329428571
3304,2016_47,20197.0,53.62000002285714,20130.0,53.442856924285714
3308,2016_48,30901.0,58.87999997714286,30797.0,58.69857134428571
3312,2016_49,36125.0,51.68571472285714,36002.0,51.5100005
3316,2016_5,109636.0,107.87142944285713,106644.0,104.92857142857143
3320,2016_50,38070.0,54.46571404714285,38059.0,54.44999967428571
3324,2016_51,38121.0,54.541428704285714,38063.0,54.45714296571429
3328,2016_52,43989.0,73.42500114333333,43868.0,73.22333272166667
3332,2016_53,9887.0,23.863333383333337,9806.0,23.663333256666665
3336,2016_6,117591.0,115.70000021857143,117441.0,115.54999978142857
3340,2016_7,105391.0,103.69571358857142,105236.0,103.54142870285715
3344,2016_8,60105.0,59.13571384714286,59967.0,59.00285720714286
3348,2016_9,42185.0,41.90714209428571,42036.0,41.75999995714285
3352,2017_1,47218.0,48.84142902857143,47032.0,48.647142682857144
3356,2017_10,24017.0,23.900000162857143,23845.0,23.73000035857143
3360,2017_11,24605.0,24.48571396,24429.0,24.311428615714284
3364,2017_12,21006.0,20.907142365714286,20831.0,20.731428417142858
3368,2017_13,18276.0,19.460000174285714,18150.0,19.329999924285715
3372,2017_14,22475.0,27.39142853857143,22351.0,27.239999771428568
3376,2017_15,22609.0,27.555714469999998,22469.0,27.38428579142857
3380,2017_16,18969.0,23.118571417142856,18810.0,22.92285701142857
3384,2017_17,13849.0,16.878571781428573,13639.0,16.62285723
3388,2017_18,12057.0,24.251428602857143,11879.0,23.894285745714285
3392,2017_19,11487.0,23.105714798571427,11316.0,22.761428832857142
3396,2017_2,24188.0,25.01857158142857,24013.0,24.837142671428573
3400,2017_20,11490.0,23.111428942857142,11278.0,22.685714175714285
3404,2017_21,11617.0,23.368571690000003,10152.0,20.421428407142855
3408,2017_22,11956.0,31.66857119857143,10649.0,28.275714054285714
3412,2017_23,13629.0,41.50142833142858,12356.0,37.624286108571425
3416,2017_24,10505.0,31.987143108571427,9231.0,28.107142855714283
3420,2017_25,8719.0,26.550000055714285,7447.0,22.677142824285713
3424,2017_26,8440.0,27.387142452857145,7155.0,23.238571439999998
3428,2017_27,9039.0,33.36999974857143,7773.0,28.695714132857145
3432,2017_28,9018.0,33.292857305714286,7728.0,28.53000014142857
3436,2017_29,9002.0,33.23571423285714,7727.0,28.527142660000003
3440,2017_3,19687.0,20.364285604285715,19556.0,20.228571755714285
3444,2017_30,8540.0,31.530000142857144,7274.0,26.857142854285716
3448,2017_31,8425.0,35.00714274714286,7193.0,29.885714395714285
3452,2017_32,8339.0,35.30428532142857,7099.0,30.05428641
3456,2017_33,8539.0,36.14999989,7252.0,30.701428547142857
3460,2017_34,8566.0,36.26428495142857,7285.0,30.841428757142857
3464,2017_35,8070.0,35.884286065714285,6880.0,30.59857096142857
3468,2017_36,7462.0,35.34285736142857,6339.0,30.02285712
3472,2017_37,7067.0,33.471428734285716,5940.0,28.132856912857143
3476,2017_38,7115.0,33.698571612857144,6127.0,29.01714216
3480,2017_39,6639.0,31.059999738571427,5695.0,26.635714394285714
3484,2017_4,19893.0,20.57714298857143,19764.0,20.442857198571428
3488,2017_40,6370.0,27.644285747142856,5449.0,23.64857128857143
3492,2017_41,5888.0,25.554285594285716,4995.0,21.678571427142856
3496,2017_42,5956.0,25.849999835714282,5049.0,21.912857055714287
3500,2017_43,5680.0,24.651428494285714,4751.0,20.620000021428574
3504,2017_44,5480.0,17.34000015285714,4492.0,14.254285811428572
3508,2017_45,6635.0,17.61428587714286,5712.0,15.164285658571428
3512,2017_46,9946.0,26.402857371428574,9124.0,24.221428737142855
3516,2017_47,15606.0,41.43285587857143,14754.0,39.16999980285714
3520,2017_48,22163.0,46.74285725142857,21292.0,44.905714034285715
3524,2017_49,26840.0,38.399999345714285,26053.0,37.27571432999999
3528,2017_5,30988.0,30.891428537142854,30834.0,30.738571167142858
3532,2017_50,37505.0,53.65857206142857,36651.0,52.43857193
3536,2017_51,48038.0,68.73000008714286,47303.0,67.67571422
3540,2017_52,68056.0,82.208749295,67188.0,81.12874984625
3544,2017_6,30438.0,29.947143011428572,30251.0,29.764286042857144
3548,2017_7,30900.0,30.4028571,30754.0,30.258571352857143
3552,2017_8,40389.0,39.738571712857144,40319.0,39.67142867857143
3556,2017_9,39831.0,39.49428613,39703.0,39.367143084285715
3560,2018_1,56931.942871110004,54.1974000925,55809.90673829,53.16260004
3564,2018_10,46653.36181641,46.855771201428574,46046.09179689,46.245899744285715
3568,2018_11,59773.08935548,60.03245707857143,58827.30126955,59.08257130285715
3572,2018_12,55070.97998048,55.30994197142858,53657.51904297,53.89034380142857
3576,2018_13,63320.37597657,65.56267275,61521.1591797,63.70651463142857
3580,2018_14,51428.90039063,63.31292833571428,50642.61767577,62.34495708000001
3584,2018_15,41220.29052735,50.74532917571429,39037.18847658,48.057785579999994
3588,2018_16,30864.91796877,37.99707194857143,29875.29516602,36.77878570571429
3592,2018_17,30218.21142579,37.20094244714286,29367.21728516,36.15329960428571
3596,2018_18,23319.96386719,44.29801450285714,22596.2529297,42.92124339428572
3600,2018_19,18900.13012696,38.45611408714286,18261.58789063,37.15688542
3604,2018_2,29727.96899415,31.089257104285714,28862.55126953,30.184214184285715
3608,2018_20,16402.25073243,33.373671394285715,15812.96264649,32.17465700142857
3612,2018_21,13930.18676758,28.343785695714285,13269.86499023,27.00021416857143
3616,2018_22,12914.015014659999,31.984928675714286,12232.27197265,30.25008555857143
3620,2018_23,12766.7080078,39.31241389571428,12087.07507325,37.21961375714285
3624,2018_24,12379.36401366,38.11967141142857,11924.91894532,36.72031402571429
3628,2018_25,11645.91516113,35.86117117714286,10998.99389648,33.86910029857143
3632,2018_26,11091.667968759999,35.16722869857143,10399.15405273,32.95270047857143
3636,2018_27,10697.88391113,39.929642269999995,10057.17504882,37.53818566571429
3640,2018_28,10558.82800292,39.41060038857143,9949.26098633,37.13541412285714
3644,2018_29,10304.28198242,38.46048518571428,9662.34082031,36.064485822857144
3648,2018_3,32009.86914063,33.47562926142857,31164.79003906,32.59187126142857
3652,2018_30,10135.26696777,37.829671587142855,9483.66503907,35.39758518714286
3656,2018_31,9827.87817383,40.51624243571428,9176.42895508,37.81857081857142
3660,2018_32,9144.24597168,39.13309969285714,8502.03503418,36.38472802285714
3664,2018_33,9076.87011719,38.84474291,8433.26611328,36.09042903142857
3668,2018_34,9101.64880372,38.950786591428574,8454.59594727,36.18170002428572
3672,2018_35,9787.93896485,43.290199824285715,9141.11010741,40.393670764285716
3676,2018_36,9390.31616211,44.94382913,8707.51708985,41.67582865999999
3680,2018_37,9021.07604981,43.17659977571429,8382.907104490001,40.12220001285714
3684,2018_38,8642.02807617,41.362399509999996,8009.25598145,38.33384323285714
3688,2018_39,8368.79187011,40.05461393,7685.4140625,36.78385707285714
3692,2018_4,40003.77197266,41.83560017,39140.82373047,40.93314252714286
3696,2018_40,8289.73901368,36.35097122142857,7775.73291015,34.09701429142857
3700,2018_41,8632.92297362,37.855843137142855,8081.18212892,35.43641444714286
3704,2018_42,11670.83618164,51.17722865571428,11065.23913575,48.52168601
3708,2018_43,10743.90893555,47.11261476714286,10268.17492677,45.02651432571429
3712,2018_44,11658.80883788,38.78214318285715,11141.56811523,37.06808553571428
3716,2018_45,15946.06433105,42.635885509999994,15452.05297851,41.31501388714286
3720,2018_46,22558.54418946,60.316043307142856,22030.34472656,58.90375736714286
3724,2018_47,33620.5036621,89.89304351857143,33097.25952149,88.49401310428571
3728,2018_48,49581.11669922,113.9075568057143,49164.09863281,112.96850041
3732,2018_49,64461.17773439,92.71664319714286,64269.979003910004,92.44161333142857
3736,2018_5,31647.8244629,32.230313984285715,30779.504638669998,31.347329004285715
3740,2018_50,60929.92089846,87.63751438714287,60479.25195314,86.98929922857143
3744,2018_51,65131.61035157,93.68095724999999,65013.3310547,93.51079995285714
3748,2018_52,58480.54003906,84.11448560285714,58348.29052735,83.92427063000001
3752,2018_6,31873.30664064,31.681528635714283,29901.96606447,29.722042628571426
3756,2018_7,41797.440917960004,41.54597200714286,41103.53125001,40.85622841714286
3760,2018_8,69691.10156252,69.27178682571429,68893.03320314,68.47852870571428
3764,2018_9,60013.5419922,59.97772870714285,59445.21484376,59.410414558571425
3768,2019_1,41624.68554687,42.3268380175,41539.14892578,42.23457479625
3772,2019_10,40801.85888673,40.97891398571429,40666.5546875,40.84301430714286
3776,2019_11,40015.06738283,40.18869999571429,39884.70898438,40.05775615142857
3780,2019_12,47776.58789063,47.98391396571429,47599.762207039996,47.80629948285714
3784,2019_13,48979.20703126,49.191728319999996,48876.83447267,49.08894293428572
3788,2019_14,48932.97509765,60.24024364142857,48776.10449221,60.047127859999996
3792,2019_15,55274.99560548,68.04775728428572,54747.38281249,67.39824294857144
3796,2019_16,39927.10644533,49.15334320142857,39803.67822267,49.00138582428571
3800,2019_17,36948.18896485,45.48607145,36824.09277344,45.333299364285715
3804,2019_18,38324.89257813,68.88774326714285,38163.2578125,68.58645738857143
3808,2019_19,31630.32080078,64.35825729428572,31459.77368164,64.01124409285714
3812,2019_2,32823.55273437,34.32659993857143,32733.02490236,34.23191370285714
3816,2019_20,24849.904052730002,50.56214196285714,24689.54077149,50.23584202285714
3820,2019_21,25170.970947269998,51.21541432,25008.24707031,50.884328569999994
3824,2019_22,22948.2644043,53.514256069999995,22727.20117188,52.999570577142855
3828,2019_23,22031.286865230002,67.84074238428572,21873.802978519998,67.35580117428572
3832,2019_24,16059.26708983,49.45115661571429,15917.51977539,49.01467132571429
3836,2019_25,13810.84106445,42.52761350428572,13646.182983390001,42.02057157428572
3840,2019_26,12530.67504883,38.585614341428574,12373.89196778,38.10284314857143
3844,2019_27,12479.70898437,46.58024324714285,12324.45104981,46.000757490000005
3848,2019_28,13993.536010759999,52.230571747142854,13857.75891114,51.72377123142858
3852,2019_29,13174.0,49.17167118428572,13042.99096679,48.68267168142857
3856,2019_3,49490.615722660004,51.75688552857143,49349.81933594,51.60962840571428
3860,2019_30,12798.19799805,47.768971580000006,12666.70092773,47.27818570714286
3864,2019_31,12535.14489746,50.664528437142856,12384.835083,50.05728639857143
3868,2019_32,11852.40600587,50.72275706714286,11699.91906737,50.07017135571429
3872,2019_33,11636.62414552,49.79930005571429,11498.58398438,49.20854241714286
3876,2019_34,10850.564086909999,46.435328891428576,10714.36291504,45.85244315
3880,2019_35,10331.80590821,44.94069998714286,10187.17199708,44.31121499142857
3884,2019_36,9737.25,46.60434232428571,9622.79699707,46.05652781857143
3888,2019_37,9433.69506837,45.15144239285714,9332.03588868,44.664900097142855
3892,2019_38,8931.29602052,42.746885572857146,8815.90100099,42.194599697142856
3896,2019_39,8492.31994629,40.645872388571426,8407.39208985,40.23938533285714
3900,2019_4,36114.23583985,37.76797213,35957.03002931,37.60357148285714
3904,2019_40,7369.13012695,32.76341411142857,7280.77416992,32.37158639142857
3908,2019_41,7879.65686035,34.55271421285714,7808.78198242,34.2419281
3912,2019_42,7646.79797363,33.53161403142857,7587.377014170001,33.27107184142857
3916,2019_43,6593.21002196,28.91157123,6537.36804199,28.666713987142856
3920,2019_44,6087.88897706,21.921485627142857,6058.53601075,21.814799717142854
3924,2019_45,7810.4831543,20.883314404285716,7726.9588623,20.66001456142857
3928,2019_46,8394.4239502,22.444642747142858,8312.09509279,22.224528448571427
3932,2019_47,9700.10095215,25.935714175714285,9566.22802735,25.577756880000003
3936,2019_48,12083.45300294,29.89449964285714,11875.84399415,29.37742832714286
3940,2019_49,17389.94104005,25.012514387142858,17113.60180664,24.61507143142857
3944,2019_5,20459.35302734,20.982871735714287,20350.53735352,20.870999744285715
3948,2019_50,24934.43701173,35.864014215714285,24922.26684571,35.84651456428571
3952,2019_51,37738.44824219,54.28044237428571,37581.60400392,54.05485698142858
3956,2019_52,51547.206542960004,74.14204515714286,51386.84375001,73.91138567
3960,2019_6,22615.98510742,22.479914255714284,22500.33081056,22.364971432857143
3964,2019_7,21345.91723633,21.21748543,21207.62597657,21.080042702857146
3968,2019_8,30411.98291015,30.22898592142857,30206.12866211,30.024385725714286
3972,2019_9,35144.82910157,35.09258597428571,35033.95117189,34.98195757285714
3976,2020_1,26412.17480469,38.94225998,26290.37109376,38.762699127999994
3980,2020_10,88044.10156251,88.98860059571429,87990.10058594,88.93404388428573
3984,2020_11,89799.79101563,90.76312800571428,88859.30566407001,89.81254359714285
3988,2020_12,94493.48339845,95.50720105857143,93310.26269533,94.31125858857142
3992,2020_13,108117.16894532999,109.2770418442857,106287.39648439,107.42762865428571
3996,2020_14,99863.76367188,116.84224374,98655.95507813,115.45780181857143
4000,2020_15,89340.81347658,110.5410439642857,88945.48242189,110.05188533285715
4004,2020_16,88198.30468751,109.12739890142858,86958.40039063,107.59328569857144
4008,2020_17,73003.17187501,90.32652936428572,70736.60058595,87.52212960285715
4012,2020_18,55712.88623047,87.08367156999999,54651.73095705,85.43385750857144
4016,2020_19,50854.43994142,103.97052765,50637.49267579,103.52698625714285
4020,2020_2,37869.11718749,39.88177163285714,37717.01123047,39.721585954285715
4024,2020_20,40019.1850586,81.81814248142857,39907.59863282,81.59001377428571
4028,2020_21,31686.63525391,64.78248541857143,31531.2763672,64.46484266
4032,2020_22,29267.544921880002,59.83671406285714,28878.84716797,59.04202815428572
4036,2020_23,28002.05175781,86.70404161714285,27471.97119141,85.06274305142857
4040,2020_24,26108.15869141,80.83991350428572,25860.87109376,80.07421548142858
4044,2020_25,21998.0065918,68.11342729857144,21872.0012207,67.72330038714286
4048,2020_26,21103.53320313,65.34385790142856,20986.02392578,64.97999899857143
4052,2020_27,19161.58496094,68.26628494285714,19064.85180664,67.92617253
4056,2020_28,18053.8149414,67.77541351428572,17928.30297852,67.30421447571429
4060,2020_29,16538.55200196,62.08698654142857,16422.23999024,61.65035738142857
4064,2020_3,36978.2060547,38.943499429999996,36839.80712891,38.79774257142857
4068,2020_30,15974.94287109,59.971143448571425,15870.41821289,59.57877131714286
4072,2020_31,16223.14916993,63.46072878285714,16122.13500977,63.06907218
4076,2020_32,16251.78076171,69.95342908571429,16172.90332031,69.61391448857144
4080,2020_33,15536.85009766,66.87614331857142,15421.20288085,66.37834221857142
4084,2020_34,14636.841064459999,63.00215694,14566.70483398,62.70028686571429
4088,2020_35,15109.75793457,65.03777095142857,15018.55786134,64.64521517
4092,2020_36,13061.55297851,61.93718610714286,12937.97509767,61.35148511714285
4096,2020_37,12789.37597655,61.601928709999996,12691.963012690001,61.13272857428571
4100,2020_38,12794.14013672,61.62487084428572,12682.76611329,61.08841323857143
4104,2020_39,10937.67297362,52.68292890428571,10836.09497071,52.19367217857143
4108,2020_4,48476.87255859,51.05328587,48366.26562501,50.93682806857142
4112,2020_40,11486.40002442,52.63368606428571,11393.71887208,52.207028525714286
4116,2020_41,12768.8330078,56.42700086285714,12681.40002441,56.040628704285716
4120,2020_42,11811.35705567,52.19579969,11773.33483887,52.02778625571428
4124,2020_43,12889.4840088,56.96018546,12823.31396484,56.66775730714286
4128,2020_44,14386.41711425,59.17465700571429,14360.47802733,59.060042245714286
4132,2020_45,25102.16503907,67.69355664857143,24235.63769533,65.35677119571429
4136,2020_46,35221.74072267,94.98321315428572,35087.88476563,94.62224143
4140,2020_47,38513.05371094,103.8589564757143,37816.51464844,101.98060063
4144,2020_48,34339.40722655,92.60382951999999,33430.90820313,90.15385873000001
4148,2020_49,35037.6694336,56.31657137285714,34335.75634767,55.18717193571428
4152,2020_5,53679.66259767,55.77718625714285,53606.10498048,55.703457968571435
4156,2020_50,31306.57055666,45.29710006714286,31042.9116211,44.91564341714286
4160,2020_51,24487.76000977,35.43105697428571,24443.00024415,35.36630031
4164,2020_52,33238.6772461,48.09264264857143,33177.80419922,48.00457164285714
4168,2020_53,20030.77294922,50.7190256125,19988.86425782,50.612875939999995
4172,2020_6,66423.99707034,66.58268410714285,66394.37890628,66.55299922285714
4176,2020_7,87930.33300782999,88.14038522,87866.23144533,88.07615661714286
4180,2020_8,93226.37890626,93.44909994857143,93143.78710938,93.36631447857143
4184,2020_9,88149.1484375,88.46330043428573,88100.61914063,88.41452789571429
4188,2021_1,41766.42285157,44.159200397142854,41660.60302733,44.04731423571428
4192,2021_10,86067.6826172,86.83282797714286,85643.0341797,86.40440150857144
4196,2021_11,71812.17675782001,72.45057187714285,71732.81152343,72.37051337285715
4200,2021_12,56543.9946289,57.046657017142856,56381.62548828,56.88284247285714
4204,2021_13,44411.33007813,50.11648559857143,44227.57519531,49.90901402000001
4208,2021_14,30895.90820312,38.134586334285714,30753.62329101,37.958957128571434
4212,2021_15,23915.55688476,29.51878574857143,23750.39208984,29.31492860142857
4216,2021_16,25795.00195313,31.838571002857144,25650.57202149,31.660270962857144
4220,2021_17,21930.09887695,31.823357171428572,21708.4309082,31.468671525714285
4224,2021_18,19406.92773437,39.672985621428566,19109.90844728,39.06580026
4228,2021_19,18790.14379883,38.41210011142857,18640.70898438,38.10662841714286
4232,2021_2,42557.36181641,44.995427812857145,42503.02148438,44.937971388571434
4236,2021_20,18643.11206055,38.11151341,18498.74633789,37.816413880000006
4240,2021_21,15386.77905274,31.45472853714286,15243.52124023,31.161871228571425
4244,2021_22,12351.51708983,36.327814374285715,12211.61291504,35.91485759142857
4248,2021_23,12491.30285644,38.706657955714284,12335.99084472,38.22538539285715
4252,2021_24,12549.63000488,38.88738577714286,12405.957885740001,38.44218499428571
4256,2021_25,12298.0098877,38.10768563285715,12184.20288086,37.75504248142857
4260,2021_26,11788.31506347,40.94747107285714,11685.20410158,40.59068516285714
4264,2021_27,11402.882934559999,42.88497162,11304.90612793,42.51647186428572
4268,2021_28,11105.76293945,41.76751382142857,11004.13183595,41.38529968428571
4272,2021_29,11139.95898437,41.89611380428572,11041.89611815,41.527314322857144
4276,2021_3,46398.9663086,49.057114191428575,46336.04589844,48.990585328571434
4280,2021_30,10990.96899414,42.183828081428565,10923.35107421,41.92190006714286
4284,2021_31,10574.21691894,45.59178543,10496.18188477,45.255286080000005
4288,2021_32,10016.75402833,43.188200268571435,9954.75598145,42.92088644857143
4292,2021_33,9892.362915040001,42.651856557142864,9837.80200197,42.41661453142857
4296,2021_34,9846.09399413,42.45237132285714,9767.35693359,42.11290032428571
4300,2021_35,9794.89404298,45.84078488857143,9727.49096681,45.52164295714285
4304,2021_36,9560.50317382,46.15179988285714,9510.48120116,45.91032954571428
4308,2021_37,9288.8338623,44.84034238571429,9226.49999999,44.53945650428572
4312,2021_38,8864.27282715,42.790842874285715,8813.17211914,42.544171468571435
4316,2021_39,8457.32812499,39.40825707571429,8410.62402345,39.19080080285715
4320,2021_4,50290.83740235,53.17198562714286,50208.61279298,53.08504322571429
4324,2021_40,7747.79907227,34.331256867142855,7689.28295898,34.071971347142856
4328,2021_41,7095.19494631,31.439514432857145,6996.80291748,31.003513879999996
4332,2021_42,10736.6887207,47.57531411285714,10546.4420166,46.732314245714285
4336,2021_43,14310.26416015,63.410185677142856,14157.25378417,62.732187
4340,2021_44,23968.6748047,64.56764275428571,23928.63500978,64.45978546
4344,2021_45,28070.09594727,75.61620112857143,28069.33886719,75.61415863142858
4348,2021_46,30725.233398440003,82.76868548,30597.24853516,82.42391423000001
4352,2021_47,35339.97363282,95.20005580428571,35269.18945314,95.00936998714285
4356,2021_48,48677.17138672,86.23792811714286,48467.24755859,85.91265651142858
4360,2021_49,61923.37451172,89.92188590142858,57201.00683595,83.0643277857143
4364,2021_5,43641.59765625,43.73027147571429,43542.21289065,43.63067136428572
4368,2021_50,59751.68359375,86.7682724,54995.1669922,79.86111450142857
4372,2021_51,76544.26953126,111.15361568,70538.62500001,102.43249947857143
4376,2021_52,73767.74023438,149.970339966,61930.28222658,125.90469818000001
4380,2021_53,15716.572265629999,38.77293269,15653.651855470001,38.61769994
4384,2021_6,34436.03320313,34.50598635142857,34364.533691410004,34.43434252
4388,2021_7,32471.071777340003,32.53704316285714,32374.2138672,32.439986094285715
4392,2021_8,58912.62304687,59.03232901571429,58889.36865234,59.00901413142857
4396,2021_9,70668.03613282,71.29625592857143,69952.82910158,70.57470049142857
4400,2022_1,113139.62207032999,119.90788705,106228.20019531,112.58301544000001
4404,2022_10,124084.70703127999,125.29589952714286,96035.9638672,96.9733723257143
4408,2022_11,129899.87109376,131.16779872285716,103828.18652344,104.84165736571428
4412,2022_12,119781.82226563,120.95099966857143,112357.96191406,113.45467267714285
4416,2022_13,102967.10937502,113.69584328714286,101783.23535157001,112.39908599714285
4420,2022_14,62411.87548829,77.88321522285715,62009.35302736,77.38088607857142
4424,2022_15,41079.89111329,51.26321411285714,40936.89062499,51.08477183857143
4428,2022_16,49241.65478517,61.448213852857144,45681.66113281,57.00571441857143
4432,2022_17,37697.24023438,50.85278538285714,28597.1315918,37.98534311428572
4436,2022_18,30214.18652345,62.51227079142858,29520.66918945,61.077385494285714
4440,2022_19,25734.21484375,53.243329182857146,25256.03393554,52.25398581428571
4444,2022_2,117123.87500002,124.1304855357143,109164.06933594,115.69451359285713
4448,2022_20,23271.59985352,48.148242950000004,23122.29492186,47.83934293285714
4452,2022_21,24102.86791991,49.86812864,23984.8930664,49.624057224285714
4456,2022_22,22606.59570313,63.90564346285714,22458.59082032,63.478400095714285
4460,2022_23,20495.601074219998,64.22315597428572,20336.11108399,63.72340066142858
4464,2022_24,18992.62329102,59.513585774285716,18812.44287108,58.94894300285715
4468,2022_25,19064.38110352,59.73841421857143,18897.071044930002,59.21415765142857
4472,2022_26,19325.34130859,66.01538467428571,19211.65600587,65.6311144142857
4476,2022_27,17686.11035156,67.18621499285715,17538.82006837,66.62667083714287
4480,2022_28,16783.11083986,63.75587245285714,16635.821044930002,63.196357181428574
4484,2022_29,16285.5559082,61.865756988571434,16148.97021485,61.34690039428572
4488,2022_3,120591.13085938999,127.80514308285716,102191.07617188,108.30435616714286
4492,2022_30,16964.80786133,64.44611522285713,16822.9230957,63.90710013285714
4496,2022_31,15684.86206055,68.33211517142857,15580.47216797,67.8773286
4500,2022_32,14963.91894532,65.19127164714286,14874.543701179999,64.80191367142858
4504,2022_33,14110.95483399,61.47528512,14048.70690918,61.204099927142856
4508,2022_34,13202.350952159999,57.51690020142858,13098.89086915,57.06617137285714
4512,2022_35,13953.73596192,64.92454201857143,13836.40405273,64.37879998428572
4516,2022_36,15644.88525391,76.20937129285714,15543.24731446,75.7142726357143
4520,2022_37,16963.88989258,82.6345160357143,16868.93725588,82.17197200142857
4524,2022_38,16057.52319336,78.21942792714286,15960.31884766,77.74589865571429
4528,2022_39,14183.43884277,67.56355667,14096.11608887,67.14460100428572
4532,2022_4,145949.06835939,154.68007114857144,117547.09765626,124.57899911142856
4536,2022_40,13249.05798339,59.346542902857145,13172.70300293,59.00451442
4540,2022_41,12490.73596192,55.949786051428575,12363.46594239,55.37969970428571
4544,2022_42,13074.56091308,58.56491415714286,12987.92407228,58.17685754
4548,2022_43,14471.678833,64.82302801857143,14379.201293940001,64.40877206
4552,2022_44,24583.73242188,70.2822292857143,24478.62792968,69.97750037
4556,2022_45,29664.62451172,80.27287237857142,29583.82861329,80.05425698428571
4560,2022_46,24221.97119139,65.54499980285713,24100.42114258,65.21608570714285
4564,2022_47,31031.70898438,83.9722290057143,30898.00341798,83.61041368714287
4568,2022_48,52392.63037108,100.57977295142858,48565.23583985,93.75708552857144
4572,2022_49,52471.58984376,76.22584315714286,50935.7685547,73.99472808857142
4576,2022_5,169447.90429689,171.38558524142857,137565.4589844,139.13636779714287
4580,2022_50,55958.4819336,81.29127175428572,51877.26171876,75.36244310714287
4584,2022_51,77423.91210938,112.47425733142857,70119.47363281,101.86302948000001
4588,2022_52,106070.25781252,124.28467464375,100548.85644532001,118.34199905375
4592,2022_6,162055.20507814,162.59485953285713,134158.83984377,134.60560280857143
4596,2022_7,143304.48046877,143.78169904428572,115120.72363282,115.50407191571428
4600,2022_8,120980.41894532,121.38329969285714,81572.40136719,81.84404209714286
4604,2022_9,115915.64746094,116.9443708142857,78767.62402346,79.47258540571428
4608,2023_1,92767.171875,98.67427063000001,90760.31835939,96.53964451428571
4612,2023_10,54725.83154298,55.39479937,54322.4584961,54.98651504714286
4616,2023_11,50414.46044924,51.03074209857142,49611.40429688,50.21785736142857
4620,2023_12,64834.670410160004,65.62722941857143,62915.295410160004,63.68437194857143
4624,2023_13,41824.81201173,44.80209950142857,41397.88378907,44.36994280142857
4628,2023_14,32593.98291015,40.51822934857143,32508.18310547,40.41155733285715
4632,2023_15,27250.47070312,33.87558528285714,27159.66625977,33.76271438571429
4636,2023_16,27870.4482422,34.646299635714286,27788.93823242,34.544985634285716
4640,2023_17,30199.00683595,37.541000367142864,30094.618164069998,37.411214557142856
4644,2023_18,31320.1069336,64.46918433142858,31029.92822267,63.871887207142855
4648,2023_19,28849.71728516,59.38414274,28300.42456054,58.25348554285714
4652,2023_2,96198.08007813,102.32364327714286,74250.69238282001,78.97872815999999
4656,2023_20,28195.65405274,58.03779929142858,27636.89306642,56.88765716428571
4660,2023_21,20200.85766602,41.58137130714285,20069.98901368,41.311999730000004
4664,2023_22,18347.86499024,48.78377097,18204.15014648,48.39908490714286
4668,2023_23,17308.68994141,54.015271868571425,17205.01513673,53.69174303285714
4672,2023_24,16331.21020508,50.96482849142858,16178.91503907,50.489571162857146
4676,2023_25,15402.22753907,48.06575666285715,15284.96777345,47.69984163428571
4680,2023_26,14589.117187490001,48.26621409714286,14520.47705078,48.029699598571426
4684,2023_27,14860.25415039,56.23518535285714,14719.74230956,55.703442165714286
4688,2023_28,16962.46704101,64.19052886857142,16847.8779297,63.75688553
4692,2023_29,15956.80590821,60.384827751428574,15826.67578124,59.89239937999999
4696,2023_3,97973.83789064,104.21248408714287,66184.33691407001,70.39874267571427
4700,2023_30,14297.86889649,54.10697174142857,14291.4338379,54.08261435428572
4704,2023_31,15368.208740229999,65.49042892428572,15089.84326171,64.2902139957143
4708,2023_32,15198.05419922,65.94124330857143,15148.00366212,65.72408567285714
4712,2023_33,15637.38012695,67.84738377142857,15603.77490233,67.70158440857143
4716,2023_34,14433.06982422,62.62214279142857,14433.06982422,62.62214279142857
4720,2023_35,14278.54882813,65.11317116857143,14244.22888184,64.96427100142857
4724,2023_36,14370.78710939,69.82014247285714,14337.896972659999,69.66034153428572
4728,2023_37,15138.289794929999,73.54904283857142,15120.414794929999,73.46219962142857
4732,2023_38,14771.728149409999,71.76812853142857,14722.39318847,71.52841404428571
4736,2023_39,13375.24291992,64.25675637428571,13320.90319824,63.99961362571429
4740,2023_4,115970.48828126,123.35510036000001,83751.04394532001,89.08403015142858
4744,2023_40,11429.161010740001,50.97044209142857,11374.10595702,50.72494234428571
4748,2023_41,10286.45507814,45.874356948571425,10268.58007814,45.794628141428575
4752,2023_42,10703.610961909999,47.73474284571429,10609.51000977,47.31507110571429
4756,2023_43,11273.615112309999,50.27678516857143,11180.28686524,49.860585348571426
4760,2023_44,11645.51623535,36.728414537142854,11551.67895507,36.40931374857143
4764,2023_45,15409.78283691,41.688200269999996,15317.547973640001,41.43872833285714
4768,2023_46,17349.39282227,46.94769995714285,17300.27978516,46.814785549999996
4772,2023_47,17055.37207032,46.15207181714286,17002.62670899,46.00934274
4776,2023_48,10442.25390626,23.170728682857142,10393.32006836,23.06065668571429
4780,2023_49,9445.32409668,13.721285684285714,9411.17492676,13.67167146
4784,2023_5,115868.22460938999,118.67417144714285,85949.00878908,87.91530064285715
4788,2023_50,9819.80895997,14.265314375714285,9783.50085449,14.21255711
4792,2023_51,14985.687866209999,21.769799914285716,14881.44787597,21.618385587142857
4796,2023_52,29511.562255869998,33.3067502975,29258.4519043,33.055862425
4800,2023_6,104423.98535158,105.31160082,89263.53515626,90.02227020428572
4804,2023_7,97425.52148437,98.25365775,94662.73632814,95.46738433714286
4808,2023_8,84519.80566406,85.23824310285714,82117.09667969,82.81511361285713
4812,2023_9,60474.30371094,61.14462770857143,60024.67578125,60.690828051428575
4816,2024_1,25121.33447266,26.624128887142856,24783.853759769998,26.26647131857143
4820,2024_10,73587.55273438,74.30584280571429,73571.82226563,74.28995731714285
4824,2024_11,69997.77148438,70.68101501285715,69961.30468752,70.64419991428572
4828,2024_12,49724.72802734,50.21008573142857,49685.40332032,50.170370919999996
4832,2024_13,43032.9038086,43.452928269999994,42968.55371093,43.38795798285714
4836,2024_14,56318.61279297,70.2794996,56074.18749999,69.97445678714286
4840,2024_15,61986.75195314,77.35268511285713,61359.76855469,76.57028525285715
4844,2024_16,61768.4560547,77.08030046857142,61657.24414064,76.94152832142858
4848,2024_17,51322.44726562,64.04482923428571,50777.28613282,63.364515034285716
4852,2024_18,32786.03198243,58.87102835571428,32651.61132813,58.62050029142857
4856,2024_19,24119.77856445,49.903113774285714,23976.7788086,49.60725675285715
4860,2024_2,27144.21899415,28.768057414285714,26977.62402344,28.59148597714286
4864,2024_20,20325.446044930002,42.05274255,20215.3359375,41.82491411428571
4868,2024_21,16922.66113282,35.01247160714286,16816.84106445,34.79352842142857
4872,2024_22,14111.11816407,33.35337121142857,13970.9777832,33.02159990571429
4876,2024_23,13784.388916029999,43.193514688571426,13627.08898925,42.70061384
4880,2024_24,12821.82995605,40.17732783857143,12686.69506836,39.75390080285714
4884,2024_25,12663.10498047,39.679943085714285,12533.69006348,39.274442945714284
4888,2024_26,12051.16113281,37.76241466,11916.02612304,37.33897182
4892,2024_27,12018.45788574,45.65584237,11883.65905762,45.14378520428571
4896,2024_28,11664.7668457,44.31225749285714,11538.92675782,43.834213801428575
4900,2024_29,11399.24499511,43.30358559571429,11261.77197266,42.78134318857143
4904,2024_3,39159.76660157,41.50238582142857,39159.76660157,41.50238582142857
4908,2024_30,10851.76684569,41.223814284285716,10740.170043940001,40.79988588571428
4912,2024_31,10479.76916503,43.14017105285715,10403.60009765,42.82908575857142
4916,2024_32,10190.61804201,44.39608601285715,10158.89904787,44.25790023857143
4920,2024_33,9701.80480957,42.266557420000005,9684.644897459999,42.19180025142857
4924,2024_34,9436.03686523,41.10871451285714,9396.61889647,40.93698556142857
4928,2024_35,8881.80798341,39.33482851428572,8799.17492675,38.967885697142854
4932,2024_36,6301.26794434,42.972659302,6248.18603516,42.610639954
4936,2024_4,70944.18408205,75.18822915285715,70293.53564454,74.49865613714285
4940,2024_5,69394.94042969,71.67802810714286,67518.06591797,69.73257119142856
4944,2024_6,55566.12890625,55.75118528,55565.4140625,55.750471385714285
4948,2024_7,66338.48632814,66.55941445571429,66164.74218752,66.38509913857142
4952,2024_8,78362.86328127,78.62381199571428,76254.76562501,76.50868552
4956,2024_9,76584.10351563,77.03524344142856,76085.03222657,76.53450121
