,Ano_sem,EOLIELÉTRICA,FOTOVOLTAICA,HIDROELÉTRICA,TÉRMICA
0,2001_1,0.0,0.0,123801.0,310.23375
1,2001_10,0.0,0.0,140390.54285714286,596.6285714285714
2,2001_11,0.0,0.0,131369.7857142857,909.1714285714286
3,2001_12,0.0,0.0,134818.37142857144,1182.7285714285715
4,2001_13,0.0,0.0,133523.54285714286,892.6142857142858
5,2001_14,0.0,0.0,124547.02857142857,850.0
6,2001_15,0.0,0.0,116846.45714285715,836.9
7,2001_16,0.0,0.0,119559.28571428571,1269.857142857143
8,2001_17,0.0,0.0,120855.85714285714,1299.9142857142856
9,2001_18,0.0,0.0,116655.59999999999,474.45714285714286
10,2001_19,0.0,0.0,124096.51428571428,382.7285714285714
11,2001_2,0.0,0.0,135517.81428571427,0.0
12,2001_20,0.0,0.0,118004.42857142857,678.1142857142858
13,2001_21,0.0,0.0,108905.71428571429,768.1999999999999
14,2001_22,0.0,0.0,94024.12857142858,1082.142857142857
15,2001_23,0.0,0.0,84227.25714285715,1123.142857142857
16,2001_24,0.0,0.0,81399.21428571429,1000.6
17,2001_25,0.0,0.0,77213.65714285713,776.0714285714286
18,2001_26,0.0,0.0,73833.2,623.6
19,2001_27,0.0,0.0,74050.6,703.6142857142858
20,2001_28,0.0,0.0,75838.12857142858,1327.857142857143
21,2001_29,0.0,0.0,75816.85714285714,1661.8857142857144
22,2001_3,0.0,0.0,137463.0,0.0
23,2001_30,0.0,0.0,74977.3857142857,1620.2428571428572
24,2001_31,0.0,0.0,74626.47142857143,1246.2428571428572
25,2001_32,0.0,0.0,75384.84285714287,1583.9142857142856
26,2001_33,0.0,0.0,77287.57142857143,993.4571428571428
27,2001_34,0.0,0.0,78945.71428571429,758.7428571428571
28,2001_35,0.0,0.0,80366.37142857142,1658.2485714285715
29,2001_36,0.0,0.0,75908.91428571429,1708.517142857143
30,2001_37,0.0,0.0,85481.87142857142,1239.9285714285713
31,2001_38,0.0,0.0,83659.54285714286,1221.7514285714285
32,2001_39,0.0,0.0,83039.8,1308.3642857142856
33,2001_4,0.0,0.0,138676.87142857144,17.242857142857144
34,2001_40,0.0,0.0,88222.17142857143,1208.4657142857143
35,2001_41,0.0,0.0,81106.08571428571,2111.2614285714285
36,2001_42,0.0,0.0,83123.5,2630.4528571428573
37,2001_43,0.0,0.0,80566.71428571429,2877.612857142857
38,2001_44,0.0,0.0,82030.90000000001,2142.5842857142857
39,2001_45,0.0,0.0,85338.77142857143,2092.6385714285716
40,2001_46,0.0,0.0,84437.0,1727.0928571428572
41,2001_47,0.0,0.0,86143.55714285714,2482.452857142857
42,2001_48,0.0,0.0,86984.71428571429,2546.531428571429
43,2001_49,0.0,0.0,88740.97142857143,2224.6457142857143
44,2001_5,0.0,0.0,138714.05714285714,0.0
45,2001_50,0.0,0.0,88525.01428571428,2336.9
46,2001_51,0.0,0.0,88922.78571428571,2017.7914285714287
47,2001_52,0.0,0.0,81616.44285714286,2201.57
48,2001_6,0.0,0.0,140735.97142857144,0.0
49,2001_7,0.0,0.0,140632.81428571427,5.857142857142857
50,2001_8,0.0,0.0,138921.45714285714,0.0
51,2001_9,0.0,0.0,129356.52857142857,189.5142857142857
52,2002_1,0.0,0.0,87769.425,1992.16375
53,2002_10,0.0,0.0,105068.8857142857,494.91857142857145
54,2002_11,0.0,0.0,101135.22857142857,553.3285714285714
55,2002_12,0.0,0.0,99653.51428571428,525.9971428571429
56,2002_13,0.0,0.0,93681.40000000001,510.1828571428572
57,2002_14,0.0,0.0,101150.77142857143,869.0957142857143
58,2002_15,0.0,0.0,102749.09999999999,1052.8457142857144
59,2002_16,0.0,0.0,100192.85714285714,1194.0218714285713
60,2002_17,0.0,0.0,102123.85714285714,825.5799999999999
61,2002_18,0.0,0.0,101896.15714285713,406.7867142857143
62,2002_19,0.0,0.0,107253.82857142857,377.1714285714285
63,2002_2,0.0,0.0,81943.62857142858,1547.5442857142857
64,2002_20,0.0,0.0,120351.05714285714,447.7357142857142
65,2002_21,0.0,0.0,113142.25714285715,429.67
66,2002_22,0.0,0.0,109604.84285714287,353.7640142857143
67,2002_23,0.0,0.0,111501.91428571429,156.08714285714285
68,2002_24,0.0,0.0,113390.47142857143,138.07
69,2002_25,0.0,0.0,111115.57142857143,153.3942857142857
70,2002_26,0.0,0.0,106232.95714285714,116.32428571428571
71,2002_27,0.0,0.0,103419.78571428571,154.1185714285714
72,2002_28,0.0,0.0,110823.91428571429,33.79571428571428
73,2002_29,0.0,0.0,111990.67142857143,116.29142857142857
74,2002_3,0.0,0.0,92295.31428571428,1019.7099999999999
75,2002_30,0.0,0.0,115858.84285714287,574.1085714285715
76,2002_31,0.0,0.0,113326.45714285714,839.6042857142857
77,2002_32,0.0,0.0,119389.67142857143,668.6742857142857
78,2002_33,0.0,0.0,111694.77142857143,868.0157142857142
79,2002_34,0.0,0.0,110708.81428571428,743.21
80,2002_35,0.0,0.0,115900.47142857143,456.35714285714283
81,2002_36,0.0,0.0,128712.34285714287,410.04857142857145
82,2002_37,0.0,0.0,133309.45714285717,449.6714285714285
83,2002_38,0.0,0.0,131326.4142857143,261.45285714285717
84,2002_39,0.0,0.0,124999.32857142857,267.40285714285716
85,2002_4,0.0,0.0,118929.8,582.2457142857143
86,2002_40,0.0,0.0,119619.82857142857,608.5222285714286
87,2002_41,0.0,0.0,121069.1857142857,517.9916142857143
88,2002_42,0.0,0.0,125979.52857142857,224.24514285714284
89,2002_43,0.0,0.0,130533.61428571427,351.1542
90,2002_44,0.0,0.0,133334.38571428572,603.099257142857
91,2002_45,0.0,0.0,127990.5,914.1242857142857
92,2002_46,0.0,0.0,127772.75714285715,725.4114285714286
93,2002_47,0.0,0.0,137397.82857142857,555.3514285714285
94,2002_48,0.0,0.0,139790.04285714286,1405.9514285714286
95,2002_49,0.0,0.0,143699.42857142858,2431.1257142857144
96,2002_5,0.0,0.0,97594.72857142857,1028.2614285714285
97,2002_50,0.0,0.0,140178.3,1234.5542857142857
98,2002_51,0.0,0.0,142730.18571428573,1874.9899999999998
99,2002_52,0.0,0.0,119130.55714285714,1342.152857142857
100,2002_6,0.0,0.0,90152.98571428572,1674.7457142857143
101,2002_7,0.0,0.0,85344.44285714286,1682.267142857143
102,2002_8,0.0,0.0,98738.34285714287,1469.1928571428573
103,2002_9,0.0,0.0,100403.51428571428,865.6885714285714
104,2003_1,0.0,0.0,104365.49625,7345.1025
105,2003_10,0.0,0.0,114427.31857142856,618.4057142857143
106,2003_11,0.0,0.0,120336.00857142857,1334.3385714285712
107,2003_12,0.0,0.0,115716.50857142858,940.4771428571429
108,2003_13,0.0,0.0,116420.58142857142,2460.7157142857145
109,2003_14,0.0,0.0,116740.28571428571,4458.871428571429
110,2003_15,0.0,0.0,118791.25714285715,4245.04
111,2003_16,0.0,0.0,118144.27714285713,993.3542857142857
112,2003_17,0.0,0.0,119829.26142857142,652.3285714285714
113,2003_18,0.0,0.0,114657.88,726.5828571428572
114,2003_19,0.0,0.0,117660.58571428571,1265.9828571428573
115,2003_2,0.0,0.0,127278.71428571429,2123.662857142857
116,2003_20,0.0,0.0,111856.24857142857,1809.7542857142855
117,2003_21,0.0,0.0,115084.93857142856,857.0
118,2003_22,0.0,0.0,115213.43999999999,2472.35
119,2003_23,0.0,0.0,112253.52814285713,1257.8999999999999
120,2003_24,0.0,0.0,99274.07142857143,1298.7442857142855
121,2003_25,0.0,0.0,92266.60571428572,4022.2085714285713
122,2003_26,0.0,0.0,98212.8642857143,2881.0885714285714
123,2003_27,0.0,0.0,94264.59999999999,3321.782857142857
124,2003_28,0.0,0.0,101175.07142857143,3575.057142857143
125,2003_29,0.0,0.0,102945.35714285714,3323.812857142857
126,2003_3,0.0,0.0,133832.7857142857,2241.432857142857
127,2003_30,0.0,0.0,101384.01857142858,3522.214285714286
128,2003_31,0.0,0.0,101205.32857142857,3049.5728571428576
129,2003_32,0.0,0.0,97357.40000000001,2401.437142857143
130,2003_33,0.0,0.0,102118.57571428572,1265.7528571428572
131,2003_34,0.0,0.0,102626.74285714285,1972.7471428571428
132,2003_35,0.0,0.0,106972.41571428571,1415.7099999999998
133,2003_36,0.0,0.0,103951.67714285714,1006.5142857142857
134,2003_37,0.0,0.0,102894.87142857142,1038.07
135,2003_38,0.0,0.0,109085.04000000001,1217.4142857142856
136,2003_39,0.0,0.0,113052.09,2390.182857142857
137,2003_4,0.0,0.0,122778.52857142857,2088.9185714285713
138,2003_40,0.0,0.0,113840.31571428571,2064.647142857143
139,2003_41,0.0,0.0,119082.72857142857,2966.88
140,2003_42,0.0,0.0,116759.33571428571,3006.0299999999997
141,2003_43,0.0,0.0,123278.05857142857,3468.2942857142857
142,2003_44,0.0,0.0,118964.81285714285,3201.3557142857144
143,2003_45,0.0,0.0,111548.15714285713,2703.367142857143
144,2003_46,0.0,0.0,117333.47,2281.95
145,2003_47,0.0,0.0,113638.31571428571,3899.7514285714287
146,2003_48,0.0,0.0,117291.93999999999,3195.637142857143
147,2003_49,0.0,0.0,115008.29428571429,6865.407142857142
148,2003_5,0.0,0.0,118845.57142857143,1533.347142857143
149,2003_50,0.0,0.0,111835.64285714286,7467.808571428572
150,2003_51,0.0,0.0,110676.40857142858,5619.660000000001
151,2003_52,0.0,0.0,99246.76285714285,8771.724285714286
152,2003_6,0.0,0.0,117686.36285714286,4168.378571428571
153,2003_7,0.0,0.0,117549.78428571428,3856.8857142857146
154,2003_8,0.0,0.0,119498.2342857143,1838.3842857142856
155,2003_9,0.0,0.0,116114.69571428571,635.9828571428571
156,2004_1,0.0,0.0,78184.735,17055.7125
157,2004_10,0.0,0.0,107569.88428571427,6448.2757142857145
158,2004_11,0.0,0.0,101699.54142857144,6074.138571428572
159,2004_12,0.0,0.0,101403.34571428572,6712.08
160,2004_13,0.0,0.0,107765.06999999999,8287.922857142858
161,2004_14,0.0,0.0,124489.2,8280.108571428571
162,2004_15,0.0,0.0,112306.5,8356.412857142857
163,2004_16,0.0,0.0,133540.69285714286,7845.268571428571
164,2004_17,0.0,0.0,134431.98857142858,8657.06
165,2004_18,0.0,0.0,133327.72285714286,9068.324285714287
166,2004_19,0.0,0.0,134099.29714285713,9159.214285714286
167,2004_2,0.0,0.0,83301.68571428572,26653.97428571429
168,2004_20,0.0,0.0,137016.13999999998,9395.942857142858
169,2004_21,0.0,0.0,124079.93714285713,10594.755714285715
170,2004_22,0.0,0.0,119406.32714285715,5970.2757142857145
171,2004_23,0.0,0.0,118469.50571428573,5487.782857142856
172,2004_24,0.0,0.0,108366.27857142857,10286.679999999998
173,2004_25,0.0,0.0,101321.1357142857,12243.372857142856
174,2004_26,0.0,0.0,103616.55571428571,9087.077142857142
175,2004_27,0.0,0.0,109087.90000000001,6335.652857142857
176,2004_28,0.0,0.0,116468.70428571428,6035.667142857143
177,2004_29,0.0,0.0,117166.72571428571,7213.271428571427
178,2004_3,0.0,0.0,81027.89428571428,20954.996857142858
179,2004_30,0.0,0.0,112175.7,7600.54
180,2004_31,0.0,0.0,117141.63,7062.284285714285
181,2004_32,0.0,0.0,124497.30857142857,3358.467142857143
182,2004_33,0.0,0.0,124171.80714285714,7109.527142857143
183,2004_34,0.0,0.0,133020.64571428573,6482.314285714286
184,2004_35,0.0,0.0,136217.80571428573,8549.901428571427
185,2004_36,0.0,0.0,141378.81714285715,8194.932857142858
186,2004_37,0.0,0.0,136025.35142857142,9723.261428571428
187,2004_38,0.0,0.0,144974.65571428573,5934.148571428572
188,2004_39,0.0,0.0,140945.00714285715,8023.104285714285
189,2004_4,0.0,0.0,78477.68285714286,17979.425714285713
190,2004_40,0.0,0.0,133069.88428571427,11144.09
191,2004_41,0.0,0.0,142438.3457142857,10352.528571428571
192,2004_42,0.0,0.0,142204.65714285715,8368.048571428571
193,2004_43,0.0,0.0,146311.4757142857,10264.772857142858
194,2004_44,0.0,0.0,142509.53,9291.371428571429
195,2004_45,0.0,0.0,138515.3657142857,7354.9685714285715
196,2004_46,0.0,0.0,146271.95285714287,8406.132857142857
197,2004_47,0.0,0.0,142199.70285714287,10469.738571428572
198,2004_48,0.0,0.0,143917.53857142857,9674.861428571428
199,2004_49,0.0,0.0,138738.18,9330.691428571428
200,2004_5,0.0,0.0,117288.55714285714,9214.098571428573
201,2004_50,0.0,0.0,140381.2185714286,4357.124285714286
202,2004_51,0.0,0.0,134102.65,7584.825714285714
203,2004_52,0.0,0.0,127354.27,6349.672857142857
204,2004_53,0.0,0.0,124504.49399999999,10156.7
205,2004_6,0.0,0.0,135243.64428571428,4454.701428571429
206,2004_7,0.0,0.0,137248.04857142858,6419.001428571429
207,2004_8,0.0,0.0,116662.0457142857,8199.965714285714
208,2004_9,0.0,0.0,104741.81571428571,5771.302857142858
209,2005_1,0.0,0.0,126692.17571428571,8160.349999999999
210,2005_10,0.0,0.0,153939.94857142857,10188.277142857143
211,2005_11,0.0,0.0,148514.34285714285,10266.255714285715
212,2005_12,0.0,0.0,137873.0,11878.75
213,2005_13,0.0,0.0,147826.95857142858,7021.2
214,2005_14,0.0,0.0,151345.52285714287,5875.365714285714
215,2005_15,0.0,0.0,148983.32571428572,7747.79
216,2005_16,0.0,0.0,151472.1242857143,6474.18
217,2005_17,0.0,0.0,153565.51857142855,6291.9114285714295
218,2005_18,0.0,0.0,144740.68285714285,8360.657142857142
219,2005_19,0.0,0.0,146859.00285714286,8378.617142857143
220,2005_2,0.0,0.0,123986.90142857144,11750.872857142856
221,2005_20,0.0,0.0,143586.08142857143,3518.9857142857145
222,2005_21,0.0,0.0,132659.84,6910.384285714286
223,2005_22,0.0,0.0,123734.53285714285,4258.5314285714285
224,2005_23,0.0,0.0,120950.77571428572,6574.57
225,2005_24,0.0,0.0,131455.12857142856,7998.374285714286
226,2005_25,0.0,0.0,143273.07285714286,5212.717142857144
227,2005_26,0.0,0.0,142368.82857142857,5040.755714285714
228,2005_27,0.0,0.0,141008.93285714285,5752.7242857142855
229,2005_28,0.0,0.0,135837.42142857143,3673.38
230,2005_29,0.0,0.0,138182.35714285713,6064.1900000000005
231,2005_3,0.0,0.0,130343.67285714285,11023.070000000002
232,2005_30,0.0,0.0,122071.30571428571,6281.441428571428
233,2005_31,0.0,0.0,123238.87428571428,7085.287142857143
234,2005_32,0.0,0.0,142856.06428571427,6490.518571428571
235,2005_33,0.0,0.0,142372.32714285716,6801.908571428571
236,2005_34,0.0,0.0,140398.73857142858,6756.881428571428
237,2005_35,0.0,0.0,142265.81142857144,6486.678571428572
238,2005_36,0.0,0.0,141978.83714285714,6104.324285714286
239,2005_37,0.0,0.0,144250.79142857142,6061.9914285714285
240,2005_38,0.0,0.0,147826.34714285715,5788.837142857143
241,2005_39,0.0,0.0,150848.2557142857,5227.261428571429
242,2005_4,0.0,0.0,130484.57999999999,8917.24142857143
243,2005_40,0.0,0.0,156207.49285714285,7142.374285714285
244,2005_41,0.0,0.0,150626.9587142857,6544.294285714285
245,2005_42,0.0,0.0,146197.85799999998,6792.678285714285
246,2005_43,0.0,0.0,146920.13885714285,6469.1425714285715
247,2005_44,0.0,0.0,141111.88128571428,6523.325714285714
248,2005_45,0.0,0.0,154367.23714285714,6220.612142857143
249,2005_46,0.0,0.0,146472.78642857142,6448.412714285713
250,2005_47,0.0,0.0,156678.95285714284,5794.982857142857
251,2005_48,0.0,0.0,147883.66857142857,7335.537142857143
252,2005_49,0.0,0.0,149012.74714285714,4061.874285714286
253,2005_5,0.0,0.0,119981.53857142858,10598.83
254,2005_50,0.0,0.0,153772.62000000002,4445.5
255,2005_51,0.0,0.0,142329.22428571427,3249.8957142857143
256,2005_52,0.0,0.0,138552.94333333333,5837.621666666666
257,2005_53,0.0,0.0,103279.41,6303.375
258,2005_6,0.0,0.0,114920.64571428571,9589.46142857143
259,2005_7,0.0,0.0,121260.81714285714,8858.452857142856
260,2005_8,0.0,0.0,148975.90714285715,7571.875714285714
261,2005_9,0.0,0.0,152705.2857142857,10869.528571428571
262,2006_1,0.0,0.0,134935.33285714287,5001.422857142857
263,2006_10,0.0,0.0,146167.36285714287,2062.052857142857
264,2006_11,0.0,0.0,128076.11857142857,2869.4828571428575
265,2006_12,0.0,0.0,122018.62999999999,5651.962857142857
266,2006_13,2.5914285714285716,0.0,128884.72571428573,4068.8342857142857
267,2006_14,10.541428571428572,0.0,128167.97285714284,4594.348571428572
268,2006_15,11.93142857142857,0.0,141617.62714285712,4518.717142857143
269,2006_16,8.950000000000001,0.0,154332.7257142857,5440.527142857143
270,2006_17,16.541428571428572,0.0,158090.30142857143,5083.305714285714
271,2006_18,52.34142857142857,0.0,155555.39571428573,4155.551428571429
272,2006_19,52.20285714285715,0.0,154554.81285714285,4432.4742857142855
273,2006_2,0.0,0.0,142909.77714285714,3757.1085714285714
274,2006_20,60.43714285714286,0.0,148494.13142857145,5057.115714285714
275,2006_21,15.752857142857144,0.0,141345.68571428573,5260.897142857143
276,2006_22,145.6942857142857,0.0,137468.03,2268.78
277,2006_23,141.42142857142855,0.0,135792.03857142857,4099.385714285714
278,2006_24,110.5257142857143,0.0,130284.03,5478.114285714286
279,2006_25,193.03714285714287,0.0,146962.55571428573,4244.707142857143
280,2006_26,225.45857142857145,0.0,149256.77285714287,4091.0071428571428
281,2006_27,267.8514285714286,0.0,151285.5957142857,4735.637142857143
282,2006_28,317.7857142857143,0.0,153478.81714285715,4327.295714285714
283,2006_29,412.79714285714283,0.0,152059.20142857142,4992.941428571428
284,2006_3,0.0,0.0,143132.57,4705.325714285714
285,2006_30,252.4114285714286,0.0,155452.93571428573,3591.9728571428573
286,2006_31,524.5771428571428,0.0,160597.9742857143,1539.5814285714284
287,2006_32,462.5814285714286,0.0,158882.7542857143,2126.134285714286
288,2006_33,420.2714285714286,0.0,160781.4842857143,679.6185714285714
289,2006_34,523.4571428571428,0.0,164296.85714285713,1473.097142857143
290,2006_35,414.21714285714285,0.0,162500.7714285714,3711.5257142857145
291,2006_36,485.2814285714286,0.0,165456.57714285716,1446.1328571428571
292,2006_37,645.2414285714285,0.0,169014.58142857143,3762.5385714285717
293,2006_38,501.44571428571425,0.0,176220.55714285714,237.4742857142857
294,2006_39,616.34,0.0,166672.16,3311.272857142857
295,2006_4,0.0,0.0,147029.38285714286,4792.805714285714
296,2006_40,702.7871428571428,0.0,173006.39571428573,2624.9114285714286
297,2006_41,645.7914285714286,0.0,171482.01142857145,3974.2014285714286
298,2006_42,426.1171428571429,0.0,176345.67714285714,1345.58
299,2006_43,455.0157142857143,0.0,169563.33142857143,346.7785714285714
300,2006_44,614.9971428571428,0.0,167864.85285714286,169.8057142857143
301,2006_45,230.68714285714285,0.0,178468.35142857142,486.6442857142857
302,2006_46,586.7271428571429,0.0,171400.85,261.81142857142856
303,2006_47,450.5285714285714,0.0,175887.60285714286,315.98999999999995
304,2006_48,520.8257142857143,0.0,181853.2542857143,228.92142857142858
305,2006_49,331.68857142857144,0.0,182982.17714285714,189.37714285714284
306,2006_5,0.0,0.0,143370.13428571427,3940.452857142857
307,2006_50,434.07714285714286,0.0,183911.92714285714,393.1328571428571
308,2006_51,440.21999999999997,0.0,184666.6842857143,151.42285714285714
309,2006_52,190.79500000000002,0.0,161533.305,236.02625
310,2006_6,0.0,0.0,148176.52714285714,3562.3971428571426
311,2006_7,0.0,0.0,140416.79142857142,3097.785714285714
312,2006_8,0.0,0.0,149035.37142857144,2887.6971428571424
313,2006_9,0.0,0.0,134365.13857142857,5050.47
314,2007_1,408.5825,0.0,163505.56375,2776.3
315,2007_10,390.98999999999995,0.0,170735.02285714285,970.6371428571429
316,2007_11,292.41857142857145,0.0,177667.55857142856,238.09285714285716
317,2007_12,311.9742857142857,0.0,182741.37142857144,234.22142857142856
318,2007_13,456.3828571428572,0.0,170237.36000000002,826.2071428571428
319,2007_14,442.0,0.0,154663.8157142857,742.2557142857142
320,2007_15,327.7885714285714,0.0,157271.32285714286,673.7700000000001
321,2007_16,199.46571428571428,0.0,146348.23285714287,762.2828571428572
322,2007_17,174.31857142857143,0.0,139498.0942857143,672.6871428571428
323,2007_18,321.20142857142855,0.0,130705.45571428572,841.7485714285714
324,2007_19,187.23142857142855,0.0,146555.80857142858,507.18
325,2007_2,306.98285714285714,0.0,182607.67571428572,285.44428571428574
326,2007_20,249.49285714285716,0.0,135718.80857142858,595.0557142857143
327,2007_21,197.00857142857143,0.0,148634.17714285714,547.9585714285714
328,2007_22,279.2628571428572,0.0,157713.96285714285,567.3857142857142
329,2007_23,126.77142857142859,0.0,164966.66571428571,561.0642857142858
330,2007_24,277.36571428571426,0.0,164615.8757142857,680.1542857142857
331,2007_25,419.5371428571429,0.0,145853.4042857143,520.78
332,2007_26,169.25857142857143,0.0,151827.1,553.7328571428571
333,2007_27,141.60000000000002,0.0,174937.82,1197.3457142857144
334,2007_28,257.2785714285714,0.0,173628.19999999998,3054.194285714286
335,2007_29,297.5828571428571,0.0,171277.97,2824.904285714286
336,2007_3,488.10857142857145,0.0,176832.34,552.1971428571429
337,2007_30,298.4871428571428,0.0,161535.77714285714,2863.317142857143
338,2007_31,561.7585714285714,0.0,134368.60571428572,2947.628571428572
339,2007_32,559.49,0.0,134098.29285714286,2843.0185714285717
340,2007_33,521.4885714285714,0.0,131034.12142857142,2303.654285714286
341,2007_34,534.6128571428571,0.0,135403.32571428572,2891.867142857143
342,2007_35,588.4971428571428,0.0,150793.55428571426,3294.011428571429
343,2007_36,640.9285714285714,0.0,167786.73142857145,5146.011428571429
344,2007_37,610.8342857142858,0.0,175136.15142857144,5147.62
345,2007_38,664.1685714285715,0.0,172811.06285714285,3860.0414285714287
346,2007_39,697.1614285714286,0.0,172434.68,3700.3585714285714
347,2007_4,360.57000000000005,0.0,187053.6171428571,784.9614285714285
348,2007_40,720.62,0.0,173569.39142857143,3932.4385714285713
349,2007_41,741.59,0.0,175158.02857142856,3459.871428571428
350,2007_42,524.9085714285713,0.0,179140.17857142858,3668.524285714286
351,2007_43,650.5371428571428,0.0,181190.41714285713,3772.4785714285713
352,2007_44,552.4514285714286,0.0,180819.71285714285,3889.2514285714283
353,2007_45,669.8671428571428,0.0,184123.08571428573,4307.578571428572
354,2007_46,618.25,0.0,166515.41714285713,4482.155714285715
355,2007_47,436.09285714285716,0.0,167680.9042857143,4462.762857142857
356,2007_48,416.7157142857142,0.0,166265.66571428571,4678.18
357,2007_49,360.70142857142855,0.0,159553.91142857145,7126.545714285714
358,2007_5,228.21857142857144,0.0,188774.16999999998,769.4157142857142
359,2007_50,525.3371428571428,0.0,145239.01142857145,8850.615714285714
360,2007_51,446.59999999999997,0.0,141222.37857142856,13277.201428571429
361,2007_52,679.592857142857,0.0,126913.98857142858,18920.664285714283
362,2007_6,428.01142857142855,0.0,187739.35142857142,678.1842857142857
363,2007_7,124.94000000000001,0.0,170222.10714285713,702.64
364,2007_8,173.83714285714288,0.0,147453.0942857143,608.1385714285715
365,2007_9,387.0357142857143,0.0,164287.32285714286,665.4371428571429
366,2008_1,624.1055555555555,0.0,104993.55777777778,17330.17222222222
367,2008_10,241.65142857142857,0.0,91408.16714285714,23816.88857142857
368,2008_11,117.24428571428572,0.0,89405.66285714286,20292.534285714286
369,2008_12,51.45142857142857,0.0,82621.92428571428,17651.308571428573
370,2008_13,38.205714285714286,0.0,85811.89857142858,16397.232857142855
371,2008_14,44.61714285714286,0.0,109979.68571428572,12097.06857142857
372,2008_15,111.06857142857143,0.0,113966.05857142857,5297.795714285714
373,2008_16,163.68142857142857,0.0,97903.37714285715,9109.078571428572
374,2008_17,175.81285714285715,0.0,89100.62142857142,10798.558571428572
375,2008_18,156.99428571428572,0.0,94872.37714285715,9320.48142857143
376,2008_19,86.20142857142858,0.0,94446.57714285715,9729.761428571428
377,2008_2,497.67571428571426,0.0,94045.86714285715,25517.704285714284
378,2008_20,281.96999999999997,0.0,97483.67142857143,11597.23
379,2008_21,177.2642857142857,0.0,98717.74571428572,8691.332857142857
380,2008_22,123.52142857142857,0.0,99594.7957142857,11735.73
381,2008_23,228.75,0.0,96182.98999999999,11089.47
382,2008_24,304.33714285714285,0.0,106429.14571428571,11613.324285714285
383,2008_25,304.92,0.0,104684.46714285715,9454.774285714286
384,2008_26,405.12857142857143,0.0,101735.59714285714,11087.938571428573
385,2008_27,376.3157142857143,0.0,107991.83571428571,7477.682857142857
386,2008_28,447.35571428571427,0.0,102729.21571428572,4289.215714285715
387,2008_29,441.09142857142854,0.0,99773.7342857143,4372.965714285714
388,2008_3,389.7728571428571,0.0,90917.72142857143,27632.868571428575
389,2008_30,429.88571428571424,0.0,108691.51142857142,4687.234285714286
390,2008_31,405.0442857142857,0.0,119318.66714285714,4532.075714285714
391,2008_32,343.81,0.0,129730.96285714286,3696.032857142857
392,2008_33,441.2442857142857,0.0,143326.05285714284,4542.16
393,2008_34,582.6542857142857,0.0,143078.50857142857,4962.534285714285
394,2008_35,418.11571428571426,0.0,146178.8757142857,4298.875714285714
395,2008_36,483.61285714285714,0.0,140396.83285714284,4452.812857142857
396,2008_37,543.1171428571429,0.0,140928.27,3768.4928571428572
397,2008_38,539.0842857142858,0.0,134209.95857142858,4592.9857142857145
398,2008_39,431.27,0.0,132523.17142857143,3863.8314285714287
399,2008_4,315.7357142857143,0.0,90217.56714285714,27874.042857142857
400,2008_40,620.4,0.0,134747.83857142858,2534.6657142857143
401,2008_41,641.54,0.0,150733.56428571427,5571.88
402,2008_42,505.73999999999995,0.0,158731.86285714287,4882.144285714286
403,2008_43,780.9,0.0,164271.7714285714,5240.25
404,2008_44,604.7299999999999,0.0,170477.69428571427,5203.282857142856
405,2008_45,523.9014285714286,0.0,172217.87285714285,4835.278571428571
406,2008_46,488.8142857142857,0.0,152925.16,4846.857142857143
407,2008_47,489.7657142857143,0.0,146070.4342857143,5802.255714285714
408,2008_48,501.81142857142856,0.0,141918.0942857143,6759.61
409,2008_49,222.71714285714285,0.0,140619.6542857143,6180.722857142857
410,2008_5,267.4214285714285,0.0,83398.84142857142,29026.641428571427
411,2008_50,353.8885714285715,0.0,132149.4385714286,5992.007142857144
412,2008_51,505.5785714285715,0.0,132031.36714285714,5689.925714285715
413,2008_52,438.50428571428574,0.0,111464.7242857143,5878.152857142857
414,2008_6,457.86428571428576,0.0,84078.03285714285,28833.10714285714
415,2008_7,476.07714285714286,0.0,82204.15428571429,26653.95285714286
416,2008_8,394.3742857142857,0.0,83002.53285714285,25113.374285714286
417,2008_9,148.96714285714285,0.0,82092.27857142857,23793.492857142857
418,2009_1,225.2575,0.0,100425.5325,5687.6675
419,2009_10,206.79142857142855,0.0,131572.4714285714,1334.4842857142855
420,2009_11,258.6171428571428,0.0,136157.2742857143,2840.002857142857
421,2009_12,164.58285714285714,0.0,130946.49142857142,2318.817142857143
422,2009_13,184.25,0.0,129755.00285714286,2345.6457142857143
423,2009_14,57.462857142857146,0.0,122206.42142857143,4816.081428571429
424,2009_15,78.34,0.0,116938.73857142856,2925.41
425,2009_16,183.1042857142857,0.0,145458.83857142858,3606.4285714285716
426,2009_17,83.1842857142857,0.0,131186.33285714284,905.3142857142857
427,2009_18,79.01,0.0,153663.4128571429,2970.81
428,2009_19,58.971428571428575,0.0,161831.4042857143,1059.5828571428572
429,2009_2,510.0157142857143,0.0,112311.12571428572,4921.552857142858
430,2009_20,58.13142857142857,0.0,171254.13142857142,938.5699999999999
431,2009_21,157.88285714285715,0.0,167378.1585714286,866.7557142857142
432,2009_22,138.79571428571427,0.0,160409.31714285715,945.4485714285713
433,2009_23,136.2642857142857,0.0,151343.17428571428,1511.9057142857143
434,2009_24,270.33857142857147,0.0,144143.7814285714,1628.7942857142857
435,2009_25,329.7085714285714,0.0,150843.72142857144,12016.987142857144
436,2009_26,186.8114285714286,0.0,146620.58857142858,18793.31428571429
437,2009_27,179.66000000000003,0.0,158171.37999999998,7447.628571428571
438,2009_28,132.13,0.0,152059.9057142857,13124.83
439,2009_29,100.30142857142857,0.0,153115.92714285714,16642.558571428573
440,2009_3,458.06857142857143,0.0,113881.98142857142,4958.294285714285
441,2009_30,326.02571428571434,0.0,151439.41,4047.69
442,2009_31,335.4171428571429,0.0,139322.33285714284,15745.268571428573
443,2009_32,375.5414285714286,0.0,148560.23714285714,5216.255714285714
444,2009_33,883.0257142857143,0.0,143504.84142857144,9301.41
445,2009_34,1253.1671428571428,0.0,144564.01285714286,6097.925714285714
446,2009_35,1136.2414285714287,0.0,132757.59,2277.441428571429
447,2009_36,1389.7885714285715,0.0,131099.81857142856,2811.141428571428
448,2009_37,1717.5857142857144,0.0,124399.48714285715,13637.22
449,2009_38,1665.6542857142856,0.0,133243.1542857143,12571.475714285714
450,2009_39,1901.8942857142858,0.0,148978.7442857143,10433.812857142857
451,2009_4,167.53142857142856,0.0,98463.30571428571,9901.449999999999
452,2009_40,1877.9785714285715,0.0,152080.48714285714,11771.457142857142
453,2009_41,1857.8342857142857,0.0,156834.28714285715,6989.594285714286
454,2009_42,2288.582857142857,0.0,146204.11000000002,12872.432857142858
455,2009_43,1669.3428571428572,0.0,163824.44,4151.565714285714
456,2009_44,2598.3957142857143,0.0,150752.30285714287,1612.222857142857
457,2009_45,3050.0628571428574,0.0,151288.16714285713,9111.512857142856
458,2009_46,2646.86,0.0,170671.37142857144,773.0614285714286
459,2009_47,2168.8342857142857,0.0,167386.5042857143,2757.3685714285716
460,2009_48,1689.6014285714284,0.0,171947.84857142856,1523.404285714286
461,2009_49,2373.902857142857,0.0,161164.23285714284,5585.322857142856
462,2009_5,324.73857142857145,0.0,110781.83285714286,2612.8757142857144
463,2009_50,2357.4728571428573,0.0,141706.1542857143,8193.138571428572
464,2009_51,2442.14,0.0,154033.37285714285,1399.5714285714287
465,2009_52,1648.452857142857,0.0,135975.6642857143,2406.542857142857
466,2009_53,1183.195,0.0,135989.0275,1332.3975
467,2009_6,272.88428571428574,0.0,130752.69000000002,932.2671428571429
468,2009_7,437.6385714285714,0.0,136791.79285714286,1038.3528571428571
469,2009_8,200.53714285714287,0.0,122374.37857142858,2493.325714285714
470,2009_9,148.1885714285714,0.0,112832.50428571428,3219.8185714285714
471,2010_1,1653.8871428571426,0.0,140351.9,1879.7042857142858
472,2010_10,3021.8228571428576,0.0,140201.53,2595.54
473,2010_11,3126.637142857143,0.0,137521.7,1927.0385714285715
474,2010_12,1536.4171428571428,0.0,129943.13857142857,1778.2642857142857
475,2010_13,2100.458857142857,0.0,124427.64714285715,2078.3142857142857
476,2010_14,920.8488571428571,0.0,115748.48714285715,10577.968571428572
477,2010_15,1744.6527142857142,0.0,116494.71714285715,8685.605714285713
478,2010_16,2137.0539999999996,0.0,114947.73,13784.714285714286
479,2010_17,1763.9744857142857,0.0,116110.27857142857,18931.268571428573
480,2010_18,1345.7396428571428,0.0,116273.17428571428,12308.722857142857
481,2010_19,1383.4169571428572,0.0,113528.13428571429,9997.569999999998
482,2010_2,1900.6242857142856,0.0,140932.2814285714,2414.447142857143
483,2010_20,2218.124614285714,0.0,108152.98142857142,19782.042857142857
484,2010_21,3038.370142857143,0.0,118579.64714285715,14723.417142857143
485,2010_22,1777.1789857142855,0.0,107219.33428571429,21210.147142857142
486,2010_23,2727.4042857142854,0.0,107964.38428571427,19893.515714285713
487,2010_24,2744.042857142857,0.0,103682.82857142857,23056.92714285714
488,2010_25,2702.1485714285714,0.0,94847.50285714286,31358.29
489,2010_26,1617.1671428571428,0.0,101123.2757142857,24734.268571428573
490,2010_27,1620.6885714285713,0.0,105304.82428571429,22625.247142857144
491,2010_28,2629.5499999999997,0.0,111451.92857142857,23495.672857142858
492,2010_29,2436.61,0.0,118984.84,23804.989999999998
493,2010_3,1893.2242857142858,0.0,140796.3742857143,1755.8057142857142
494,2010_30,3036.1765714285716,0.0,120999.37857142858,23223.411428571428
495,2010_31,3526.2392857142863,0.0,104648.91857142858,23836.79285714286
496,2010_32,4168.372714285714,0.0,100033.89,28156.095714285715
497,2010_33,3642.716857142857,0.0,105605.43857142857,23871.34142857143
498,2010_34,4426.429857142857,0.0,114663.45,29005.335714285717
499,2010_35,4432.954285714286,0.0,130024.03285714285,31536.46857142857
500,2010_36,4777.83,0.0,115102.00857142858,35955.09285714286
501,2010_37,4975.488571428571,0.0,114554.64142857143,37791.47714285715
502,2010_38,5383.888571428572,0.0,115654.62142857142,38462.88714285714
503,2010_39,3902.6057142857144,0.0,145625.41285714286,38226.52857142857
504,2010_4,2318.1699999999996,0.0,137697.10857142857,7446.544285714285
505,2010_40,4789.955714285715,0.0,153623.32571428572,37272.002857142856
506,2010_41,5053.034285714285,0.0,131520.32571428572,37565.58714285714
507,2010_42,1930.2257142857143,0.0,129955.95999999999,36193.38857142857
508,2010_43,3229.802857142857,0.0,128532.33,30426.132857142857
509,2010_44,4366.9971428571425,0.0,114950.00428571428,37604.33
510,2010_45,4867.165714285715,0.0,130338.4542857143,37936.28428571428
511,2010_46,3567.4585714285713,0.0,115520.25285714286,36552.84285714286
512,2010_47,4088.3514285714286,0.0,135222.11857142855,34601.15857142857
513,2010_48,4666.378571428571,0.0,151277.38428571427,32702.10714285714
514,2010_49,2344.9700000000003,0.0,148558.39428571428,31955.86142857143
515,2010_5,3622.0142857142855,0.0,140601.55,5980.594285714286
516,2010_50,2469.1257142857144,0.0,135123.43571428573,26480.318571428572
517,2010_51,3329.9914285714285,0.0,154039.62285714288,5899.892857142857
518,2010_52,2298.4900000000002,0.0,138243.238,3544.112
519,2010_53,810.1766666666666,0.0,112675.23333333334,953.3266666666667
520,2010_6,2226.1442857142856,0.0,145049.4057142857,3759.274285714286
521,2010_7,4244.602857142857,0.0,140936.9,3633.7742857142853
522,2010_8,2980.7157142857145,0.0,149128.84857142856,2686.3485714285716
523,2010_9,2764.0071428571428,0.0,141081.44142857142,1973.6657142857143
524,2011_1,2204.1785714285716,0.0,136023.09,3597.445714285714
525,2011_10,1207.1114285714286,0.0,125372.20142857144,11616.381428571429
526,2011_11,533.8542857142858,0.0,146448.58714285714,5004.4742857142855
527,2011_12,1156.0342857142857,0.0,145802.6514285714,5244.2
528,2011_13,1304.327142857143,0.0,148866.93142857144,3938.0828571428574
529,2011_14,1424.2585714285713,0.0,144686.8457142857,2804.215714285714
530,2011_15,879.2828571428571,0.0,135159.61000000002,5773.864285714286
531,2011_16,575.9728571428572,0.0,120752.82142857143,5060.4685714285715
532,2011_17,200.97285714285712,0.0,131249.28,5097.562857142858
533,2011_18,583.3528571428571,0.0,116880.39714285715,18434.61142857143
534,2011_19,740.0242857142857,0.0,111425.40428571429,20646.21857142857
535,2011_2,2241.6142857142854,0.0,136742.14714285714,9772.585714285715
536,2011_20,1196.782857142857,0.0,106583.21142857142,20715.227142857144
537,2011_21,2185.591428571429,0.0,110848.47142857143,21385.93142857143
538,2011_22,2110.2585714285715,0.0,111771.59857142858,20833.84857142857
539,2011_23,2588.1814285714286,0.0,118396.36,22562.140000000003
540,2011_24,1660.7685714285715,0.0,126458.05142857143,22152.997142857144
541,2011_25,2167.6285714285714,0.0,119898.47,22994.847142857143
542,2011_26,2532.907142857143,0.0,130361.80428571429,17502.062857142857
543,2011_27,2391.6671428571426,0.0,124301.48857142858,22684.57857142857
544,2011_28,1637.6214285714286,0.0,121933.22285714287,24178.91714285714
545,2011_29,3230.5499999999997,0.0,128785.70571428571,19917.13714285714
546,2011_3,957.6214285714286,0.0,139761.09142857144,14692.155714285715
547,2011_30,3025.8685714285716,0.0,138154.5314285714,18381.044285714284
548,2011_31,4391.67,0.0,131357.74000000002,18483.762857142858
549,2011_32,3767.9085714285716,0.0,135695.01,12649.298571428571
550,2011_33,5189.557142857143,0.0,138159.47857142857,12720.33857142857
551,2011_34,5150.291428571429,0.0,138119.23714285714,12488.434285714287
552,2011_35,5761.3,0.0,147560.34142857144,12559.77
553,2011_36,5909.622857142857,0.0,143489.85714285713,11607.578571428572
554,2011_37,5726.358571428572,0.0,151828.65,12189.917142857143
555,2011_38,5048.845714285714,0.0,149674.01714285713,15193.311428571427
556,2011_39,7208.67,0.0,155341.38285714286,21531.141428571427
557,2011_4,929.5957142857143,0.0,141993.38,3603.8814285714284
558,2011_40,7301.615714285714,0.0,152580.86857142858,26016.93571428571
559,2011_41,5950.365714285714,0.0,163301.54142857142,21069.075714285715
560,2011_42,5014.182857142857,0.0,164438.1242857143,27190.825714285715
561,2011_43,6856.171428571428,0.0,173684.15857142856,25054.772857142856
562,2011_44,6091.581428571429,0.0,148684.68571428573,25317.95
563,2011_45,7821.244285714286,0.0,157026.23714285714,24073.087142857144
564,2011_46,6762.9457142857145,0.0,151579.22142857144,25340.12142857143
565,2011_47,6995.624285714286,0.0,143714.56428571427,25306.945714285714
566,2011_48,7317.454285714286,0.0,139355.73714285714,23383.21
567,2011_49,7061.348571428572,0.0,153324.2542857143,23386.192857142858
568,2011_5,1877.3985714285716,0.0,145930.87714285715,2239.8771428571426
569,2011_50,6331.727142857142,0.0,158560.30428571426,22457.962857142855
570,2011_51,6941.662857142857,0.0,155992.80000000002,21693.132857142857
571,2011_52,5112.8725,0.0,137102.35749999998,17270.6125
572,2011_6,2304.4014285714284,0.0,142043.48571428572,3301.191428571429
573,2011_7,1249.7900000000002,0.0,136890.1,3473.0242857142853
574,2011_8,1435.6885714285713,0.0,138966.39571428573,8830.775714285714
575,2011_9,848.8342857142858,0.0,124954.78714285714,18050.350000000002
576,2012_1,6427.60125,0.0,158520.02125,22457.884875
577,2012_10,3046.147857142857,0.0,165164.69285714286,16702.332857142857
578,2012_11,4190.311,0.0,174839.7257142857,6226.924285714286
579,2012_12,3813.9087142857143,0.0,165258.94,10202.947142857143
580,2012_13,4092.2325714285716,0.0,161474.50714285715,17696.264285714286
581,2012_14,4926.704142857144,0.0,149452.42571428572,14840.105714285713
582,2012_15,4183.005571428572,0.0,164445.65999999997,12030.687142857143
583,2012_16,3119.967,0.0,154994.45428571428,19528.004285714287
584,2012_17,4916.325714285714,0.0,161199.79142857142,12299.73
585,2012_18,5965.564285714286,0.0,143898.83000000002,15310.91857142857
586,2012_19,5652.0617142857145,0.0,146885.01714285713,24343.882857142857
587,2012_2,7513.339,0.0,173528.48714285714,14981.272857142858
588,2012_20,4974.070142857143,0.0,146907.31714285715,28826.448571428573
589,2012_21,3884.857571428571,0.0,143121.88857142857,26904.274285714288
590,2012_22,4984.224,0.0,144485.4557142857,26969.145714285718
591,2012_23,5394.265571428571,0.0,140073.3757142857,23656.005714285715
592,2012_24,5136.9235714285705,0.0,145268.8442857143,18492.065714285713
593,2012_25,4312.190857142857,0.0,145822.6842857143,15818.872857142856
594,2012_26,4138.290571428572,0.0,140709.27714285714,10148.157142857144
595,2012_27,6053.7168571428565,0.0,127064.76714285715,9645.322857142859
596,2012_28,6254.605285714286,0.0,107671.83142857144,19700.402857142857
597,2012_29,6186.005142857143,0.0,114687.85428571429,11097.214285714286
598,2012_3,4313.879428571429,0.0,180607.13428571427,6197.647142857143
599,2012_30,7309.398857142857,0.0,123119.12428571428,9232.261428571428
600,2012_31,6476.499142857143,0.0,127041.97285714287,5723.740142857142
601,2012_32,7604.6621428571425,0.0,133337.9057142857,7983.080857142857
602,2012_33,7973.854571428571,0.0,134841.42,16487.822571428573
603,2012_34,8705.937714285714,0.0,132857.7057142857,20108.128
604,2012_35,8607.231714285714,0.0,120546.27714285713,26327.977285714285
605,2012_36,8274.000142857143,0.0,117629.37714285715,29172.250857142855
606,2012_37,7915.8745714285715,0.0,145401.01428571428,29201.092428571428
607,2012_38,8053.185285714286,0.0,154796.19,31922.04
608,2012_39,8436.556,0.0,117428.43857142856,35705.96485714286
609,2012_4,6115.628857142858,0.0,161884.7057142857,4504.934285714286
610,2012_40,8771.234285714285,0.0,144471.35571428572,33429.652
611,2012_41,7878.159999999999,0.0,117103.55142857143,36153.75328571429
612,2012_42,7362.509142857142,0.0,115607.76428571428,52347.12357142857
613,2012_43,7188.175428571429,0.0,113981.84714285715,57777.49642857142
614,2012_44,4864.136285714286,0.0,113565.74571428572,74951.27942857143
615,2012_45,7689.590714285715,0.0,102953.35714285714,75374.73328571429
616,2012_46,7413.812714285714,0.0,109108.55428571429,67834.75628571429
617,2012_47,7419.876285714286,0.0,107854.60142857142,73776.90714285713
618,2012_48,7797.022571428571,0.0,115106.12714285715,80814.811
619,2012_49,9041.486285714285,0.0,155083.9557142857,81035.55914285714
620,2012_5,7998.4619999999995,0.0,156810.83428571429,10599.177142857143
621,2012_50,7814.330857142858,0.0,150517.4042857143,76810.16042857143
622,2012_51,8005.545142857142,0.0,155447.62142857144,71381.56428571428
623,2012_52,8057.246,0.0,143317.2975,68554.956375
624,2012_6,5535.349142857142,0.0,165625.23857142855,15556.322857142857
625,2012_7,2618.7607142857146,0.0,154911.88142857142,16947.722857142857
626,2012_8,3667.002,0.0,142791.0342857143,17915.148571428574
627,2012_9,4344.541428571429,0.0,162172.61285714287,19231.62142857143
628,2013_1,8873.7415,0.0,135175.295,67457.112125
629,2013_10,7894.103857142857,0.0,97278.68714285715,72380.10685714286
630,2013_11,7805.390142857143,0.0,91515.21285714286,68888.24657142858
631,2013_12,5461.480285714286,0.0,93388.79000000001,69979.86042857142
632,2013_13,5559.760571428572,0.0,90896.77,62405.95442857143
633,2013_14,4784.043,0.0,93992.08428571429,63412.791000000005
634,2013_15,5924.827142857143,0.0,96786.72571428571,45951.09814285714
635,2013_16,3267.786428571428,0.0,94758.6142857143,48076.933142857146
636,2013_17,4550.641857142857,0.0,92537.14,51068.13328571429
637,2013_18,5466.635428571429,0.0,89355.85857142857,54405.53814285714
638,2013_19,5379.215714285715,0.0,84071.80142857143,70834.97442857143
639,2013_2,8901.807571428571,0.0,157737.0042857143,80740.182
640,2013_20,5539.9514285714295,0.0,82794.32428571429,69744.06271428571
641,2013_21,4460.484857142857,0.0,81577.50714285715,76661.88357142858
642,2013_22,6586.053285714285,0.0,82999.55,67728.13214285714
643,2013_23,6163.0527142857145,0.0,81079.30571428571,69198.61085714286
644,2013_24,6022.081428571429,0.0,79838.63428571427,81088.71342857144
645,2013_25,5583.887571428572,0.0,85335.31999999999,75989.91985714286
646,2013_26,5343.9457142857145,0.0,86960.06571428571,76873.02557142857
647,2013_27,6161.562571428572,0.0,83537.30857142857,68679.34357142857
648,2013_28,6440.622714285714,0.0,91041.51714285715,42370.44928571429
649,2013_29,6677.251571428571,0.0,92751.10285714285,40756.183000000005
650,2013_3,5159.758142857143,0.0,103430.09142857142,85236.22142857143
651,2013_30,7944.024857142858,0.0,117868.71142857142,34124.58114285714
652,2013_31,9185.141,0.0,89540.43142857144,36680.74114285714
653,2013_32,10073.01757142857,0.0,88576.7831142857,38290.13314285715
654,2013_33,10347.112428571429,0.0,82014.66577142857,47500.49957142857
655,2013_34,10651.973285714284,0.0,82075.79714285713,50427.316857142854
656,2013_35,9361.756,0.0,99363.50285714286,38086.451571428566
657,2013_36,11576.583428571428,0.0,94184.69142857143,52373.40128571429
658,2013_37,12629.151,0.0,84355.09285714287,64730.37685714286
659,2013_38,11667.338857142857,0.0,87719.44285714286,67147.28285714285
660,2013_39,9802.361857142856,0.0,94326.02285714286,61943.08
661,2013_4,5231.252714285714,0.0,99732.89142857143,86194.75614285715
662,2013_40,10834.31957142857,0.0,94947.99428571427,62750.655685714286
663,2013_41,13070.725428571428,0.0,93187.65714285713,51646.87671428571
664,2013_42,11575.703857142857,0.0,92525.02428571429,58448.559714285715
665,2013_43,12698.649714285713,0.0,92490.33142857144,66198.81885714285
666,2013_44,11996.426285714286,0.0,87041.01428571428,71381.94371428572
667,2013_45,11725.292714285713,0.0,89833.67428571428,69608.56285714285
668,2013_46,12819.119,0.0,91794.49428571427,61447.515
669,2013_47,11546.091857142857,0.0,89476.21857142857,71876.674
670,2013_48,11099.752,0.0,80892.15666666666,83739.45916666667
671,2013_49,9418.483142857143,0.0,92276.82142857143,72750.70642857143
672,2013_5,8582.840857142857,0.0,98709.92714285714,81869.079
673,2013_50,10133.959714285713,0.0,82898.23714285715,69700.22471428571
674,2013_51,8340.557,0.0,87272.41428571429,57759.46871428571
675,2013_52,12368.214285714286,0.0,92904.61571428573,50372.00985714286
676,2013_6,8668.794714285714,0.0,93297.37857142858,79743.458
677,2013_7,6851.1957142857145,0.0,99227.0,66480.58085714285
678,2013_8,8403.815142857142,0.0,91103.37714285715,89558.07128571428
679,2013_9,9451.859857142857,0.0,94307.35428571429,81972.01342857143
680,2014_1,16364.223032245,0.0,91095.293,66500.138
681,2014_10,10596.834285714285,0.0,83963.03857142858,75445.02342857143
682,2014_11,9395.597142857145,0.0,85612.33,86549.04871428572
683,2014_12,11557.972857142857,0.0,84605.78571428571,90929.90857142858
684,2014_13,8394.80061032,0.0,82644.25428571428,91748.99757142857
685,2014_14,7436.640969017143,0.0,84186.77142857143,86151.80757142858
686,2014_15,6640.882360271428,0.0,82517.66428571429,87759.15657142857
687,2014_16,11202.570712665716,0.0,83681.18142857144,79187.94885714285
688,2014_17,10434.58388608,0.0,83939.35142857142,80047.31442857142
689,2014_18,9584.782494432859,0.0,82956.00571428573,78026.61771428572
690,2014_19,9486.5164481,0.0,84718.24044285715,83961.72785714285
691,2014_2,10863.619999999999,0.0,90676.60142857142,90840.38217142857
692,2014_20,7160.297216575715,0.0,79281.1273857143,90930.31318571429
693,2014_21,10246.093494077142,0.0,78452.69354285715,91733.60918571429
694,2014_22,12215.43417173857,0.0,78930.14401428572,86919.75928571427
695,2014_23,17461.82387570143,0.0,78994.10042857143,85932.51665714286
696,2014_24,16631.37691111,0.0,80219.3389,83918.54117142856
697,2014_25,19480.040005387145,0.0,77952.64777142857,77068.69134285716
698,2014_26,18931.37553069857,0.0,78663.69942857142,78909.47085714285
699,2014_27,23697.82271537143,0.0,79985.6482857143,82107.19757142858
700,2014_28,25068.950138478573,0.0,78956.40185714285,73907.92671428571
701,2014_29,24417.98991079714,0.0,78424.01114285714,87992.13385714286
702,2014_3,11202.042857142858,0.0,89042.33857142857,92811.51184285714
703,2014_30,28352.928263435715,0.0,80369.4277142857,96463.16485714285
704,2014_31,25929.23059638,0.0,79233.43942857142,101072.21442857143
705,2014_32,28284.05437542857,0.0,79144.74628571428,104205.237
706,2014_33,33653.759085381425,0.0,77568.50614285715,102662.95357142857
707,2014_34,34966.44271519571,0.0,78811.77171428571,111389.58757142858
708,2014_35,31404.036876967144,0.0,78972.08314285714,98234.22914285715
709,2014_36,24290.991277642857,0.0,80149.78385714286,90484.811
710,2014_37,34285.154036314285,0.0,79308.10285714285,100750.79871428572
711,2014_38,29398.11913527,0.0,78000.58642857142,105035.44001428572
712,2014_39,34243.06694319714,0.0,77793.7317142857,102359.4814
713,2014_4,12336.847142857141,0.0,88289.30571428571,90374.50057142857
714,2014_40,32916.47101508429,0.0,80247.46342857143,101379.40314285713
715,2014_41,38008.37630795571,0.0,79340.021,100432.3737142857
716,2014_42,38820.221993915715,0.0,82987.74571428572,103437.89300000001
717,2014_43,39252.301307958565,0.0,78229.69371428572,104699.16571428571
718,2014_44,36725.7926879,0.0,81118.36014285714,105755.56871428572
719,2014_45,37039.407779081426,0.0,81625.82585714285,106024.19128571429
720,2014_46,21071.792846002856,0.0,79534.00271428571,102239.90971428572
721,2014_47,30957.530796417144,0.0,84075.356,110489.232
722,2014_48,34556.83553468857,0.0,80650.125,104425.23457142858
723,2014_49,37935.44410153715,0.0,83545.19942857142,113287.45542857143
724,2014_5,12258.288333333332,0.0,81918.815,89297.18593333334
725,2014_50,36719.327435328574,0.0,82914.27914285715,108648.42185714285
726,2014_51,24598.617379867144,0.0,85725.70514285714,112023.85608571429
727,2014_52,38117.39208922857,0.0,85171.37985714285,94808.96371428572
728,2014_6,11155.0,0.0,83579.84142857142,87766.45205714286
729,2014_7,10695.312857142857,0.0,82352.00285714286,91873.61442857143
730,2014_8,10208.397142857142,0.0,82788.6557142857,86979.69799999999
731,2014_9,11323.368571428571,0.0,83150.09142857142,77649.97642857142
732,2015_1,24259.5771752775,0.0,82889.546,94605.4865
733,2015_10,24888.15507517143,0.0,82391.21902994571,97830.811
734,2015_11,35167.49900568143,0.0,81292.638,101008.402
735,2015_12,27406.14140778714,0.0,79491.02242857144,106794.98742857143
736,2015_13,15597.651124381428,0.0,81168.1897142857,93276.88757142857
737,2015_14,17630.57105833,0.0,76990.38442857143,94110.92414285715
738,2015_15,16545.806407491666,0.0,77702.62642520333,92638.04716666666
739,2015_16,29141.489285008574,0.0,77307.95628571429,77275.56385714286
740,2015_17,18460.426894115713,0.0,76649.88399999999,76642.24271428572
741,2015_18,33477.994877725716,0.0,81340.97771428572,62871.071142857145
742,2015_19,31479.190899871428,0.0,96216.05671428572,57278.46857142857
743,2015_2,39578.239605421426,0.0,85142.28385714286,102913.42157142857
744,2015_20,38363.21239517714,0.0,76328.937,62270.75414285714
745,2015_21,39955.52773692,0.0,76617.28457142856,73680.90942857142
746,2015_22,38083.54141950714,0.0,74616.03157142857,84505.93671428572
747,2015_23,38331.24398610143,0.0,70098.15757142857,80142.73957142858
748,2015_24,38855.92904261286,0.0,66286.53357142858,94676.74428571427
749,2015_25,40852.74999338285,0.0,65045.716,83541.19828571429
750,2015_26,40940.93133619857,0.0,64416.81714285714,76922.33385714285
751,2015_27,37200.88973300143,0.0,65672.876,78414.69571428571
752,2015_28,46440.123883148575,0.0,65365.021,68223.40742857143
753,2015_29,54560.80681807429,0.006,65961.68471428572,64217.23671428572
754,2015_3,44182.45461870571,0.0,78266.51057142857,103480.24028571429
755,2015_30,46887.09062480143,0.0832857142857143,66617.31171428572,66075.409
756,2015_31,53892.830651035714,6.481285714285714,66849.27385714286,62765.774285714295
757,2015_32,58763.99021880428,20.81942857142857,68024.00214285715,70063.04051428572
758,2015_33,67484.60423483,20.02557142857143,67647.61928571429,66272.75728571428
759,2015_34,61351.80500684143,50.95242857142858,67971.78114285714,74124.58985714286
760,2015_35,59772.36871543572,54.821714285714286,68249.28442857142,82820.50528571429
761,2015_36,50196.37211080715,47.76114285714285,68281.29828571428,75818.29357142858
762,2015_37,53060.036998044285,49.246857142857145,67877.32585714286,73625.05157142857
763,2015_38,60878.89885082858,41.45185714285714,68183.92514285714,84988.38142857143
764,2015_39,60016.44760961714,53.09728571428571,67579.09057142858,88138.206
765,2015_4,37431.34748395428,0.0,74627.52385714285,106062.15114285714
766,2015_40,57657.62382547,58.85185714285715,67107.03642857143,88374.872
767,2015_41,55871.63881798857,50.02471428571429,68512.48371428571,75099.09457142858
768,2015_42,63049.925081290006,53.43871428571429,65437.232,76432.44242857142
769,2015_43,58846.97572475143,62.028571428571425,66540.34214285715,85012.58985714286
770,2015_44,57107.476091882854,55.35057142857143,64436.241428571426,81200.29985714285
771,2015_45,62652.05293281429,49.93928571428571,63636.66457142857,80976.39114285714
772,2015_46,53594.43394255143,55.806714285714285,64848.97514285714,79074.514
773,2015_47,41293.08933953714,58.299142857142854,63483.15571428572,87275.29971428572
774,2015_48,36966.902363568566,53.94,66684.25242857143,87707.71642857142
775,2015_49,43048.41062305857,54.21471428571429,63662.04171428572,87855.48357142857
776,2015_5,40372.352115067144,0.0,77382.59998671857,96833.30114285715
777,2015_50,55719.83639353,56.06171428571429,63206.81242857142,81263.27428571429
778,2015_51,59368.47497555857,44.79342857142857,62563.90514285715,79912.37185714286
779,2015_52,60198.99810217429,43.20157142857143,61979.848,72778.82585714286
780,2015_53,50852.8170302975,39.50475,64857.8155,78751.21825
781,2015_6,25569.046287502857,0.0,78555.97489658286,102722.81928571429
782,2015_7,43096.443612681425,0.0,82133.94129637715,94289.61547142858
783,2015_8,28681.08019403857,0.0,77634.87649746428,98264.86157142857
784,2015_9,24925.953720545713,0.0,79465.08402529142,104080.13514285714
785,2016_1,25081.43521520286,35.10671428571429,68629.16914285715,82784.23228571427
786,2016_10,43850.24085714285,58.07228571428571,65876.67842857142,68220.89014285714
787,2016_11,53782.28271428571,51.41514285714286,62968.99657142857,58726.68185714285
788,2016_12,49090.52085714286,51.97571428571428,59743.9,61501.673285714285
789,2016_13,47435.51,49.56128571428571,57927.340428571435,69478.22957142857
790,2016_14,36295.05557142857,7.595714285714286,57634.72042857143,54117.178714285714
791,2016_15,56808.84971428571,13.545857142857143,57392.84985714286,74497.13385714286
792,2016_16,78365.25257142856,45.84171428571428,58408.02285714286,80642.54028571429
793,2016_17,63623.96028571429,50.166999999999994,59339.91014285714,72103.80357142857
794,2016_18,67374.296,43.43814285714286,58692.82857142857,47326.465142857145
795,2016_19,54609.40585714286,41.54071428571428,59289.28085714286,51406.19805714286
796,2016_2,23710.167566688568,41.40942857142857,63925.30528571428,88972.51742857143
797,2016_20,66034.22857142857,34.36814285714286,59882.83485714286,43977.29557142857
798,2016_21,61435.28271428571,30.59,58903.14728571429,46071.68757142856
799,2016_22,51553.207714285716,39.89714285714286,58771.583999999995,60765.33514285714
800,2016_23,41819.88042857143,44.52214285714286,58660.62057142857,69415.72642857143
801,2016_24,82944.09485714286,30.381571428571426,57791.05314285714,52032.07185714286
802,2016_25,92934.15757142857,34.14228571428571,58014.736,46644.679
803,2016_26,102282.38214285715,28.399714285714285,57792.38328571429,36004.290571428566
804,2016_27,81772.32571428572,42.27871428571429,59031.56014285714,44133.44714285714
805,2016_28,75072.92428571428,43.823,57602.87714285714,56589.435
806,2016_29,82581.42971428572,43.454857142857136,58044.76085714286,48440.45414285715
807,2016_3,16719.340285714286,32.763,67037.05171428571,79630.49757142857
808,2016_30,99614.35428571429,36.68085714285714,58157.587,40784.32814285714
809,2016_31,96475.10542857143,43.96999999999999,57404.49428571429,45414.386999999995
810,2016_32,86585.312,55.86214285714285,59414.28571428572,51998.21985714285
811,2016_33,78789.44657142856,52.49814285714286,58538.59085714286,51368.434571428574
812,2016_34,97261.24257142856,38.820142857142855,57171.99842857143,47160.36357142857
813,2016_35,104913.18214285714,44.97685714285715,58380.445857142855,46683.64400000001
814,2016_36,106894.60285714285,49.50842857142857,58998.86842857143,49385.604857142855
815,2016_37,102958.44685714286,54.41057142857143,59948.104857142855,55809.77642857143
816,2016_38,84251.29957142856,54.10214285714285,58702.81971428572,68823.80642857144
817,2016_39,82846.45442857142,53.91957142857143,59271.46785714286,70457.21214285714
818,2016_4,46733.46614285714,49.71671428571428,81226.096,65337.604857142855
819,2016_40,65326.81285714286,55.706,59933.719,76993.6622857143
820,2016_41,108505.91299999999,44.64,59406.69942857143,59298.06642857142
821,2016_42,90073.26228571429,55.31328571428571,59548.87642857143,72856.667
822,2016_43,95113.35514285715,58.319,59024.67071428571,67670.03728571428
823,2016_44,116797.21871428571,45.621428571428574,59194.91485714285,61057.08771428571
824,2016_45,90719.69242857142,51.45614285714286,59430.65728571429,65758.83041428572
825,2016_46,67700.80028571429,49.465428571428575,60761.19242857143,66191.73857142858
826,2016_47,88535.002,57.476,58197.61728571429,51628.13314285715
827,2016_48,83565.41985714286,55.89371428571429,55964.877,55999.65857142857
828,2016_49,52554.453285714284,49.33871428571428,55156.85614285715,78577.03485714285
829,2016_5,48082.48471428571,49.37728571428572,70913.40757142857,63338.60042857142
830,2016_50,76583.63557142857,41.415,60165.58414285715,61516.232142857145
831,2016_51,88705.38957142856,41.007428571428576,56255.88257142857,37652.711285714286
832,2016_52,94521.493,42.1165,55203.61716666666,35465.61083333333
833,2016_53,29180.58478491,51.93233333333333,63912.11633333333,59000.21266666666
834,2016_6,37723.93342857143,58.82071428571429,67011.25257142857,61512.613142857146
835,2016_7,54182.994,47.48414285714286,62269.316857142854,77191.53448571429
836,2016_8,61225.965000000004,52.89471428571428,63668.22528571428,57856.28342857143
837,2016_9,54077.40142857143,58.26271428571429,66072.28614285715,61208.06871428572
838,2017_1,81709.94457142857,52.87928571428571,60922.49585714286,58056.24942857143
839,2017_10,58940.37071428571,42.810428571428574,52780.62171428571,68909.58471428571
840,2017_11,42319.232,26.71057142857143,51790.92385714286,79888.28428571428
841,2017_12,52643.70471428572,37.44528571428572,52654.96,74761.37042857143
842,2017_13,34109.61414285714,38.220571428571425,57057.77442857142,75469.38514285714
843,2017_14,77443.054,40.130428571428574,52345.63628571429,56613.34528571429
844,2017_15,63207.113,35.39742857142857,52389.09471428571,67326.97171428571
845,2017_16,55845.816,45.05385714285715,51375.569571428576,72568.76185714286
846,2017_17,69798.95742857143,35.15757142857143,48436.28628571429,67252.108
847,2017_18,79493.26142857142,31.946428571428573,50611.30042857143,57195.993714285716
848,2017_19,69144.45942857143,41.88742857142857,49128.65885714286,64579.66871428571
849,2017_2,57752.38757142857,51.549285714285716,51805.402285714285,80292.31071428572
850,2017_20,66441.31128571428,163.99528571428573,49946.619857142854,74341.19228571428
851,2017_21,62892.25457142857,386.79057142857147,44019.25328571429,62869.340142857145
852,2017_22,71012.74771428571,410.2327142857143,38527.48242857143,65171.98585714285
853,2017_23,91812.59714285715,751.0371428571428,38367.74,58801.21014285714
854,2017_24,92909.12571428572,967.1884285714286,39916.91428571429,51444.788428571424
855,2017_25,100930.69814285715,1000.9051428571429,38135.171714285716,47207.98528571428
856,2017_26,88801.51171428572,1006.2422857142857,38681.83085714286,57636.558142857146
857,2017_27,111760.47,1123.046,38178.03028571429,41079.620285714285
858,2017_28,121650.57757142858,1259.2810000000002,38547.34642857143,39712.922000000006
859,2017_29,91770.54142857144,1359.5394285714285,39197.408,47520.566999999995
860,2017_3,68298.59757142856,50.51014285714286,53018.73685714286,72010.87771428571
861,2017_30,122674.9052857143,1334.7474285714286,37893.926571428565,59326.983857142855
862,2017_31,103131.19185714285,1491.616142857143,39659.72685714286,87412.70714285714
863,2017_32,114004.00742857144,1620.5252857142857,39217.47314285715,85601.04485714286
864,2017_33,104679.06942857143,1785.9095714285716,38121.94857142858,91837.37798571428
865,2017_34,129478.83771428572,1697.4532857142858,38178.630000000005,89730.28957142857
866,2017_35,129227.69128571427,1703.5,38614.624142857145,90098.22600000001
867,2017_36,134464.99342857144,1888.9732857142858,37526.18585714285,93611.05542857143
868,2017_37,143155.37342857145,2172.2904285714285,37444.158142857144,81642.25485714285
869,2017_38,139186.1827142857,2285.4484285714284,36838.857285714286,68705.16842857143
870,2017_39,130857.40471428572,1855.7532857142855,36656.515,77533.12
871,2017_4,77888.58985714286,48.169285714285714,56061.14985714286,58179.96085714286
872,2017_40,130511.47185714287,3118.3641428571427,36319.75371428572,79056.47071428571
873,2017_41,124844.361,3266.748142857143,36240.60228571429,78726.39099999999
874,2017_42,138004.97142857144,3903.9294285714286,36676.53271428572,85909.998
875,2017_43,123426.07328571429,3820.420857142857,35930.322428571424,85031.87657142857
876,2017_44,105680.69571428571,2902.146285714286,36316.555714285714,85059.6977142857
877,2017_45,96237.88557142857,2500.636428571429,37119.23714285714,79486.00671428572
878,2017_46,104075.91042857143,2716.146571428571,38062.80457142857,72744.62342857143
879,2017_47,106722.54614285714,3627.5534285714284,37860.04414285714,65328.33671428572
880,2017_48,96930.62714285715,3117.2724285714285,37451.30042857143,61708.281428571434
881,2017_49,71483.50257142857,2656.1614285714286,39400.89,74716.90368571428
882,2017_5,76338.75914285715,55.03685714285714,51077.59814285715,57859.686
883,2017_50,89826.77528571429,2934.773142857143,45893.13985714286,68957.24385714285
884,2017_51,107811.6857142857,4204.636285714286,41482.28228571429,57727.07428571429
885,2017_52,95784.185625,3594.114,41198.513125,55523.271625
886,2017_6,50702.62714285714,48.775,56020.968428571425,71797.70537142857
887,2017_7,70356.34071428572,42.74142857142857,57038.763,53751.14814285714
888,2017_8,68017.40214285714,48.303428571428576,54443.591714285714,62143.04642857143
889,2017_9,51012.509000000005,49.66242857142857,54634.093,61634.02914285714
890,2018_1,64338.47925,3615.8936249999997,41186.349125,65628.892125
891,2018_10,37559.22314285714,3657.570857142857,46916.673142857144,82915.19499999999
892,2018_11,55707.34885714285,4153.745,44990.91142857143,75462.6557142857
893,2018_12,67303.42828571428,3655.8004285714283,48923.28085714286,62292.04914285714
894,2018_13,74358.47657142857,4424.721714285714,44103.13242857143,54087.20357142857
895,2018_14,44079.38742857143,3558.0095714285712,45241.932714285715,76675.42557142858
896,2018_15,59279.86242857143,3580.855142857143,42759.901,62784.235428571425
897,2018_16,88705.44171428571,4203.410428571428,40534.438571428575,47374.519142857134
898,2018_17,102301.55285714286,4268.629428571429,40688.25157142857,36988.572428571424
899,2018_18,98335.48857142858,4494.389,41907.91471428571,38963.41871428571
900,2018_19,89136.08871428572,4469.631857142857,44995.11757142857,37971.18328571429
901,2018_2,97959.28,3765.939142857143,38075.165571428566,62738.666000000005
902,2018_20,85190.964,4505.239714285714,45283.28085714286,42832.11742857144
903,2018_21,108134.55228571428,4314.438428571429,40868.25528571429,46636.63057142857
904,2018_22,113360.60228571428,4359.485857142858,43198.390857142855,30738.56442857143
905,2018_23,108685.97371428573,4538.098142857143,42058.20757142857,45798.53757142857
906,2018_24,121476.69200000001,4695.030142857142,46165.587,47476.82457142857
907,2018_25,140197.984,4519.098285714285,41781.00528571429,55422.59642857143
908,2018_26,125610.40642857143,4766.600428571429,43253.13457142857,56995.04971428571
909,2018_27,125394.30542857143,4800.606285714285,42847.846000000005,52340.88485714286
910,2018_28,122974.13271428572,4940.253285714286,43044.669714285716,54159.25742857143
911,2018_29,150111.73485714284,5142.527,42037.864285714284,56204.72485714286
912,2018_3,116140.683,3973.1562857142853,37947.87300000001,53869.61242857143
913,2018_30,153024.07485714284,5244.282285714286,41850.74428571429,63823.67
914,2018_31,127887.17528571429,5048.978142857143,42290.60228571429,70981.571
915,2018_32,120844.83499999999,5080.287714285715,42686.937,65722.93771428571
916,2018_33,146855.65971428572,4807.920857142856,41244.275,54175.74
917,2018_34,139304.3114285714,4855.280857142857,41539.51857142857,65581.57257142858
918,2018_35,157880.75485714286,5550.9767142857145,42194.40514285715,68270.93242857142
919,2018_36,142100.44114285713,5428.867,40863.034,64260.27071428572
920,2018_37,160521.2455714286,5902.207714285714,42521.39342857143,66619.13042857143
921,2018_38,149500.9722857143,5791.877142857143,42022.56971428572,64691.17028571428
922,2018_39,153925.4407142857,6088.6008571428565,42167.45671428571,51703.542
923,2018_4,74925.75742857144,3364.904857142857,38448.99042857143,66381.74357142857
924,2018_40,141721.32442857145,6165.725714285714,45965.155000000006,46924.900714285715
925,2018_41,148007.82457142856,6627.023714285714,45645.49414285715,45874.575142857146
926,2018_42,91166.655,4251.363428571429,46149.461142857144,52316.883142857136
927,2018_43,119119.59728571428,5522.924,47784.23057142857,37127.76357142857
928,2018_44,120670.34585714285,5132.485428571429,45103.41685714286,34715.74957142857
929,2018_45,128305.564,4706.8198571428575,46905.79028571428,31101.446714285714
930,2018_46,145335.903,6282.409,47260.51542857143,23386.56257142857
931,2018_47,154828.65514285717,5874.1122857142855,47876.39071428571,16917.71857142857
932,2018_48,116563.05185714285,5643.218,48259.923,37379.708999999995
933,2018_49,52228.065714285716,4561.519,55496.77485714286,62590.47457142857
934,2018_5,65488.084428571434,2879.006857142857,38905.762,69915.711
935,2018_50,146870.67585714287,6988.689857142856,51692.58185714285,14808.658285714288
936,2018_51,116764.21257142858,8152.523142857142,53797.53442857142,15315.91842857143
937,2018_52,83234.05542857143,6596.514999999999,52100.928,22648.570142857145
938,2018_6,57124.89871428571,3355.4957142857143,46856.91585714286,68647.80414285715
939,2018_7,71149.052,4320.4718571428575,43752.82957142858,57047.62857142858
940,2018_8,43727.87642857143,3785.6672857142853,43266.34085714286,79078.50242857143
941,2018_9,55055.027714285716,4434.451428571429,48766.296571428575,73644.99371428571
942,2019_1,114012.59174999999,6961.105625,55576.3665,24845.0058125
943,2019_10,97758.45857142856,7909.613857142857,51125.232142857145,41272.76728571428
944,2019_11,71547.84257142857,7466.862857142857,52258.59528571429,51387.35928571429
945,2019_12,22152.936857142857,5801.341428571429,50871.627428571424,87483.523
946,2019_13,74891.52774714286,6874.588428571428,53719.564857142854,54239.377571428566
947,2019_14,54437.38257142856,6080.898714285714,58207.538714285714,63584.124142857145
948,2019_15,69305.901,6864.596714285714,57948.55300000001,57344.025571428574
949,2019_16,58613.141285714286,6772.006428571428,60944.247571428576,49388.917
950,2019_17,114007.56414285714,7844.7675714285715,56077.98185714286,39090.06285714286
951,2019_18,103591.5522857143,7344.235000000001,60586.476714285716,44607.27485714286
952,2019_19,114874.75071428572,7609.011142857143,59959.19242857143,34896.95214285714
953,2019_2,110619.94171428571,6507.6008571428565,56527.738,17698.47842857143
954,2019_20,68264.64771428572,6078.9448571428575,62951.091714285714,50197.29585714285
955,2019_21,104707.242,6851.727714285714,61350.783142857144,42768.92928571429
956,2019_22,125532.38485714285,7582.174285714286,59614.729857142855,21439.439142857143
957,2019_23,146195.17314285715,7635.0094285714285,57867.292,21701.58014285714
958,2019_24,153850.2552857143,6391.101000000001,58144.65942857142,19082.630714285715
959,2019_25,156858.3697142857,7100.438142857142,57660.375,17479.189285714285
960,2019_26,156947.724,7212.879714285714,57608.457428571426,21389.634285714284
961,2019_27,97178.654,7658.896428571429,58082.037,48539.77785714286
962,2019_28,141340.59942857144,7348.653857142858,56913.845142857135,47326.646714285715
963,2019_29,158915.04928571428,7589.519571428572,56728.22857142857,45048.56428571429
964,2019_3,95818.02814285715,7477.172142857143,59652.053714285714,25110.59557142857
965,2019_30,163429.53600000002,6986.443857142857,56821.051,51285.152428571426
966,2019_31,159930.18885714284,8471.334428571428,57461.24771428572,50440.07314285714
967,2019_32,183930.9362857143,7766.417714285714,57553.64185714286,44966.010285714285
968,2019_33,181930.78328571428,8246.415142857144,56355.58871428571,49425.67771428572
969,2019_34,170574.04342857143,8129.816285714286,57035.63785714286,47022.630142857146
970,2019_35,187356.45785714287,8700.465571428571,57422.93228571429,51097.149428571436
971,2019_36,183413.76885714286,8376.02557142857,57456.546142857136,49345.23357142857
972,2019_37,176520.9385714286,9316.314,56998.99242857143,54311.07385714286
973,2019_38,170103.2395714286,9445.968857142858,57830.346000000005,54948.38285714285
974,2019_39,162686.55042857144,8931.174571428572,58872.804000000004,55168.697857142855
975,2019_4,119118.01728571429,7596.693857142857,58371.04014285714,28796.215428571428
976,2019_40,171476.31485714283,8909.873857142857,58807.654428571426,50939.626
977,2019_41,196474.0547142857,9001.106714285715,57957.24342857143,49461.38257142857
978,2019_42,151376.563,9367.390285714286,58619.10385714286,62615.36042857143
979,2019_43,121023.41842857143,7553.626857142857,74083.43742857143,60440.507
980,2019_44,176576.66385714288,9514.564428571428,73705.556,62335.246714285706
981,2019_45,157601.389,9553.215,71747.47814285714,61526.24542857143
982,2019_46,148548.39285714287,9740.960000000001,68068.09528571428,62803.008571428574
983,2019_47,126422.23571428572,9065.648857142858,83883.829,53560.85614285715
984,2019_48,118814.07771428571,8108.126285714286,66487.25171428571,53591.779428571426
985,2019_49,89835.55585714287,8604.699428571428,62238.48185714286,55427.05728571429
986,2019_5,122913.77885714285,7931.917857142857,56082.609000000004,34397.967142857146
987,2019_50,141904.53342857145,9766.595714285713,61815.551,58325.81799999999
988,2019_51,174203.51742857142,9668.121285714285,58337.546571428575,58295.86542857143
989,2019_52,163332.27757142857,8644.776428571427,56658.858,54622.65292857143
990,2019_6,79358.39514285715,6206.900857142857,52881.59271428571,46923.04014285714
991,2019_7,62715.71457142858,7161.887142857143,52441.19885714286,64557.52271428571
992,2019_8,53066.386857142854,7150.709285714285,50540.838,68724.51685714287
993,2019_9,44952.23871428571,6840.091,53087.38757142857,70124.09485714286
994,2020_1,46648.5922,6112.4,62160.637800000004,52533.3628
995,2020_10,22593.276714285716,8307.516285714286,79471.35557142858,28242.242714285712
996,2020_11,70774.70928571429,8489.479428571429,70610.27942857143,43687.608857142855
997,2020_12,32079.78057142857,8737.218142857144,71183.33457142857,32844.345571428574
998,2020_13,75932.86528571429,9267.008285714286,68303.97057142857,21771.322428571428
999,2020_14,92169.49028571429,11185.081285714286,72916.53428571428,48953.57142857143
1000,2020_15,68800.253,10017.575857142858,91717.202,22848.582857142854
1001,2020_16,60155.054000000004,8435.584571428572,96059.081,19258.592
1002,2020_17,84593.245,9539.610428571428,94609.06142857144,14742.775857142857
1003,2020_18,104878.45114285713,11143.435142857143,91353.48242857143,21803.212857142855
1004,2020_19,122260.54785714287,10210.201428571429,85688.44442857143,20258.187
1005,2020_2,60234.415428571425,8039.638428571428,68652.51714285715,53038.81971428572
1006,2020_20,100516.314,10296.795571428573,80314.17457142856,28696.43085714286
1007,2020_21,121706.85971428572,9731.970285714286,81107.4057142857,15848.143714285714
1008,2020_22,70355.10214285714,9530.270571428571,82107.49128571429,27938.307285714287
1009,2020_23,108657.90842857143,10331.808142857144,81790.03942857143,13314.133285714286
1010,2020_24,125516.24428571427,10651.615000000002,82267.85914285714,12637.391714285714
1011,2020_25,177437.11014285713,10384.263571428572,82432.936,14461.986571428572
1012,2020_26,149506.24357142855,10716.001999999999,97077.77157142856,14950.612428571429
1013,2020_27,139655.23871428572,11487.593857142858,118636.04328571427,11555.142142857143
1014,2020_28,132390.6002857143,9789.984285714285,116914.42971428572,14647.776571428572
1015,2020_29,172513.79485714287,10437.186,97781.13171428572,14778.474285714286
1016,2020_3,100164.17657142857,9569.717285714287,64681.601,53793.75928571429
1017,2020_30,184762.47757142855,10481.536714285714,98091.68885714284,15314.697714285716
1018,2020_31,194841.8925714286,10624.712,108643.49257142856,24542.973285714284
1019,2020_32,211251.793,10130.83842857143,89828.23957142858,26280.131428571425
1020,2020_33,192088.31057142856,11315.874,102317.62642857143,21365.924
1021,2020_34,181765.66057142857,10468.465571428571,98492.11528571429,20048.306285714287
1022,2020_35,180200.22999999998,10806.097857142857,99217.06214285715,13694.285
1023,2020_36,198741.83414285714,11616.873428571429,98869.92585714287,21473.495428571427
1024,2020_37,196313.408,11594.016714285714,113597.28099999999,13336.391714285714
1025,2020_38,182520.95957142857,10932.265142857143,123955.15957142856,25569.434
1026,2020_39,184191.2527142857,9806.314285714285,131065.01385714287,16504.812857142857
1027,2020_4,61332.229999999996,6057.962142857143,72268.76785714286,60001.06157142857
1028,2020_40,181769.22799999997,11168.82542857143,134229.85914285714,24810.85785714286
1029,2020_41,130822.36714285715,10204.597857142857,137188.31828571428,40966.24
1030,2020_42,177718.50042857142,11514.971857142857,126389.409,39668.247571428576
1031,2020_43,171182.548,9178.563714285714,124166.19314285714,55490.02157142857
1032,2020_44,104842.87485714287,7494.955999999999,142774.62642857144,69552.596
1033,2020_45,123191.09614285713,7110.850142857143,133118.858,56173.17142857143
1034,2020_46,159468.12614285713,9894.323142857143,135368.7937142857,52530.328285714284
1035,2020_47,103773.93742857143,6969.198714285715,163186.44414285713,81196.45157142857
1036,2020_48,190673.77528571428,8284.302571428572,137294.9377142857,34222.97757142857
1037,2020_49,151137.02157142857,8510.880714285715,148257.9217142857,63804.648857142856
1038,2020_5,71413.75542857143,8087.020428571429,78347.30014285714,56930.376
1039,2020_50,144512.26928571428,7325.406571428571,156259.28157142855,59577.156285714285
1040,2020_51,139599.57271428572,9771.059285714286,175202.04742857142,57961.453285714284
1041,2020_52,149053.05442857143,8285.557428571428,152984.18457142854,51233.482142857145
1042,2020_53,173140.423,9987.16575,144605.591,44969.3465
1043,2020_6,60617.20685714285,5981.8622857142855,71488.55157142857,50850.42071428571
1044,2020_7,90655.595,9398.523857142858,74619.30728571428,40840.669285714284
1045,2020_8,80912.67842857142,8026.113142857143,65874.48671428571,32838.457428571426
1046,2020_9,67354.99885714285,8600.801142857143,63545.159857142855,34243.90957142857
1047,2021_1,138291.52614285712,9745.09042857143,74733.33142857143,91055.472
1048,2021_10,107420.42257142857,11527.259714285714,68721.48357142857,15202.534
1049,2021_11,132246.98871428572,11545.55242857143,65860.73071428572,11897.167857142858
1050,2021_12,109348.72214285714,12565.621,70622.36271428571,10834.247714285713
1051,2021_13,97304.42985714285,12175.063714285714,76296.328,14314.220285714286
1052,2021_14,190846.58114285715,13648.475285714287,81886.072,15664.417714285713
1053,2021_15,134881.91142857142,12631.848285714284,83195.55971428573,15563.697857142859
1054,2021_16,69597.84914285714,10802.676428571429,84338.89657142856,25919.375857142855
1055,2021_17,149297.61514285713,12504.005142857142,82312.73814285714,15667.372428571429
1056,2021_18,134555.07642857142,13096.823714285714,82380.99414285715,18005.36957142857
1057,2021_19,166135.9577142857,11942.508714285714,82062.813,19648.774285714288
1058,2021_2,119908.45700000001,9197.636,72732.71985714286,94398.23414285714
1059,2021_20,148772.34128571427,13638.896999999999,78133.31971428571,36250.461142857144
1060,2021_21,180867.36000000002,14902.547857142858,79025.7882857143,43923.504714285715
1061,2021_22,187676.73314285715,13854.184571428572,80317.71371428572,69435.16900000001
1062,2021_23,161980.677,13838.64342857143,80519.54685714285,85092.23857142858
1063,2021_24,171450.30071428572,14689.546,75246.6067142857,81190.44871428573
1064,2021_25,190440.73785714287,14700.171714285714,60894.47771428571,81470.21571428572
1065,2021_26,191633.6074285714,13996.948571428571,59379.298142857144,88011.46857142857
1066,2021_27,211092.84514285714,13847.00342857143,58320.85771428572,100106.78228571429
1067,2021_28,209777.574,14268.553857142859,71515.719,98441.81271428571
1068,2021_29,246779.87671428573,12624.789571428571,63186.99542857143,85034.46457142857
1069,2021_3,179560.66585714286,10181.954285714284,70808.98785714286,83637.14871428571
1070,2021_30,211509.50814285714,14989.255714285713,74003.35685714286,112314.76699999999
1071,2021_31,243657.055,13589.20657142857,75299.7802857143,105868.23414285714
1072,2021_32,226891.78828571428,14429.086714285715,72551.59671428571,118108.90914285716
1073,2021_33,260408.25600000002,12798.98257142857,66149.42842857142,116250.31657142857
1074,2021_34,258168.38842857143,13167.948285714287,64508.594999999994,118325.7317142857
1075,2021_35,244071.509,16624.023714285715,81049.75957142857,120903.90185714285
1076,2021_36,250135.67514285716,18813.885142857143,92525.37085714286,117383.972
1077,2021_37,247309.71314285716,20214.86242857143,94556.92514285714,112061.693
1078,2021_38,229157.2675714286,19376.770285714283,113798.69528571428,119646.13
1079,2021_39,236917.5782857143,19299.747285714286,114538.78885714286,117323.06528571427
1080,2021_4,171745.86814285716,10309.155285714285,75254.84499999999,55187.948
1081,2021_40,237804.44985714284,17643.94814285714,94931.72257142856,116853.49814285713
1082,2021_41,218875.88271428572,12994.082857142857,76744.78171428571,104479.58285714287
1083,2021_42,147107.579,12956.908142857143,63766.03042857143,110386.18771428571
1084,2021_43,248315.97,18192.46514285714,58845.12942857143,117300.59757142856
1085,2021_44,122797.995,15599.436428571427,99547.821,116576.20999999999
1086,2021_45,190536.71514285714,18610.178571428572,82719.58785714286,105494.68271428571
1087,2021_46,226797.56428571427,20670.34857142857,70658.99842857143,75068.39914285715
1088,2021_47,169057.0697142857,20260.42442857143,70632.47857142857,100011.63257142856
1089,2021_48,156145.1242857143,18279.684,83629.12471428572,94668.84757142856
1090,2021_49,187137.8954285714,17228.09942857143,84623.35185714286,80230.62985714285
1091,2021_5,123937.22171428571,9596.769714285716,76934.00300000001,61158.54171428572
1092,2021_50,208757.59185714283,21037.314857142857,72052.59585714285,55638.96271428571
1093,2021_51,125032.45957142857,13526.40257142857,75372.96914285714,46043.83985714286
1094,2021_52,169933.9797,16213.431,72479.97219999999,38652.308000000005
1095,2021_53,148523.10866666667,9778.519333333334,100878.33766666667,57532.38999999999
1096,2021_6,128766.87614285715,9347.361571428572,64648.457285714285,57155.44114285714
1097,2021_7,68172.36728571428,7491.920714285714,64627.33214285714,53096.02414285714
1098,2021_8,104102.43228571428,8537.55642857143,70486.75442857142,27417.936714285715
1099,2021_9,137204.85057142857,12142.136857142857,67110.59614285715,13794.501428571428
1100,2022_1,125462.40357142857,17618.171142857143,80040.80285714286,46276.402428571426
1101,2022_10,163239.95357142857,20680.39585714286,141157.17657142857,13198.328285714286
1102,2022_11,127731.08928571429,20182.33514285714,148312.73857142855,14606.864142857143
1103,2022_12,156131.39985714285,21704.73742857143,134041.73057142858,13818.647571428572
1104,2022_13,161881.05314285713,19793.10157142857,136556.75957142859,16177.770714285713
1105,2022_14,154765.56342857142,21346.332,123275.50571428573,13373.24057142857
1106,2022_15,79907.70585714285,18475.585857142858,114653.93857142857,13681.518857142857
1107,2022_16,165731.01814285712,20874.275857142853,104576.33285714286,14852.544285714286
1108,2022_17,224622.53,21099.559,102049.78371428572,13925.525285714286
1109,2022_18,197268.1502857143,21675.40157142857,87430.309,11567.627142857144
1110,2022_19,182424.71371428572,19982.25685714286,84508.73657142857,13596.38442857143
1111,2022_2,113975.30714285714,20493.769857142855,94895.60071428571,46635.80514285714
1112,2022_20,121157.73714285714,19670.71342857143,87213.79242857143,15383.509714285714
1113,2022_21,207299.6442142857,20587.81242857143,97129.76242857144,14547.085857142856
1114,2022_22,161467.4022857143,19230.864285714284,99396.30471428572,14675.275857142857
1115,2022_23,146391.74914285712,21591.86814285714,82005.432,14086.023
1116,2022_24,183150.76928571428,22158.18385714286,83431.64414285714,14673.214714285714
1117,2022_25,211915.56600000002,20308.22557142857,83587.1362857143,14851.844714285715
1118,2022_26,216877.72314285714,21014.205714285716,91780.93214285714,11606.530428571428
1119,2022_27,263559.5894285714,20704.195142857145,96403.73957142858,14970.467571428571
1120,2022_28,247373.27642857144,23779.519142857145,131706.65342857144,15414.859285714285
1121,2022_29,261136.04728571427,23185.81071428571,135443.69514285712,15436.497285714286
1122,2022_3,164580.03042857142,20664.200142857146,133303.07342857143,40521.22114285714
1123,2022_30,223466.03057142856,25370.907142857144,160515.29342857143,15374.246000000001
1124,2022_31,237853.4334285714,23142.111857142856,162706.39485714285,15275.117571428573
1125,2022_32,252984.34857142856,25430.248,148914.69985714284,15036.227428571428
1126,2022_33,302703.12057142856,27727.389285714286,134478.5452857143,15288.449714285714
1127,2022_34,301154.9907142857,27146.14957142857,119932.27371428571,15562.872000000001
1128,2022_35,314550.0287142857,29398.70642857143,99548.41685714286,14708.479857142856
1129,2022_36,304391.12657142855,29828.24885714286,90475.89628571428,14858.334
1130,2022_37,277696.30414285715,29614.120285714285,90567.80428571429,16310.323857142856
1131,2022_38,237005.685,25937.790142857142,105013.85714285714,14693.243571428571
1132,2022_39,295741.3095714286,31207.590428571428,87709.95771428572,15269.037142857142
1133,2022_4,114016.19799999999,18039.822,157460.4934285714,30180.576142857142
1134,2022_40,267921.123,29159.411285714286,83966.75171428571,13628.49057142857
1135,2022_41,325553.19185714284,29710.167857142857,82886.03199999999,13231.166
1136,2022_42,301250.78957142856,29553.341857142856,83313.44557142856,16497.75442857143
1137,2022_43,252874.97285714286,24693.70142857143,97438.73685714287,16448.766
1138,2022_44,162944.5397142857,21149.950857142856,108689.6622857143,15359.727428571428
1139,2022_45,205769.08542857142,25619.126285714283,119917.13657142858,14891.572428571428
1140,2022_46,196515.4107142857,24140.11285714286,102786.57385714285,15623.419857142857
1141,2022_47,202151.32700000002,25508.522142857142,133015.39385714286,13409.801285714286
1142,2022_48,169477.4977142857,22444.918857142857,150541.46371428572,14072.04342857143
1143,2022_49,206556.8737142857,28975.267428571427,138873.3705714286,15875.827000000001
1144,2022_5,150503.97357142856,23353.141571428572,147303.21042857142,11988.688285714286
1145,2022_50,137056.834,26499.65742857143,153285.97285714286,16016.924285714285
1146,2022_51,127106.90871428572,23402.846714285715,157242.19957142856,15679.673285714287
1147,2022_52,239684.243875,26916.3515,91974.16525,21456.806
1148,2022_6,114691.88914285714,19070.861,161949.06242857143,11049.897714285715
1149,2022_7,105866.334,19187.263714285713,167044.52485714285,13559.634
1150,2022_8,197391.83228571428,22699.813,124278.17214285713,11858.424428571429
1151,2022_9,191228.49228571428,17836.23942857143,124277.93714285713,13835.708
1152,2023_1,185746.13757142858,27216.872285714286,102727.86499999999,13573.984571428573
1153,2023_10,251962.97542857143,27907.705714285716,87462.89485714285,9272.843571428572
1154,2023_11,114948.94671428572,19259.518428571428,91707.07142857143,9627.847714285715
1155,2023_12,150012.51742857142,24562.388,88502.72085714285,10771.963
1156,2023_13,154822.66057142857,27460.831142857143,86659.07671428572,11915.9
1157,2023_14,140762.19285714286,22551.68014285714,84182.41500000001,12150.485142857144
1158,2023_15,167813.639,28815.531714285717,86535.37314285713,13400.596857142857
1159,2023_16,143519.1592857143,27190.731428571427,84748.59842857144,13704.908571428572
1160,2023_17,165411.45414285714,31255.405857142858,86289.528,11694.047714285714
1161,2023_18,186114.633,41348.52457142858,88675.03585714287,12164.792428571429
1162,2023_19,150216.72614285717,43575.612,90003.22657142857,13548.466428571428
1163,2023_2,221508.14242857142,29315.92342857143,120947.91928571429,10955.69542857143
1164,2023_20,222019.79085714286,38169.29314285715,91233.11528571429,13121.842428571428
1165,2023_21,269538.3962857143,40873.73014285714,88735.84057142856,13432.858142857143
1166,2023_22,256846.3614285714,42797.507999999994,85582.4817142857,13531.132285714286
1167,2023_23,263159.53185714287,41042.92942857143,86621.787,12992.194000000001
1168,2023_24,255642.55642857144,42113.17014285714,85176.71814285715,9829.801142857144
1169,2023_25,317226.739,36726.66142857143,83683.18085714286,10036.939571428573
1170,2023_26,265783.0177142857,42706.12828571429,84252.27742857144,9384.823142857143
1171,2023_27,275888.45871428575,45549.16471428571,83108.25728571428,7901.876142857143
1172,2023_28,277383.7112857143,47714.62685714285,81915.86457142858,10087.55242857143
1173,2023_29,351356.094,43063.69,82930.95342857143,10032.682428571428
1174,2023_3,170980.91785714286,25086.711714285717,155534.57771428573,11901.649714285713
1175,2023_30,326098.03557142854,50816.30442857143,84110.83085714285,7788.5127142857145
1176,2023_31,335306.21985714283,51435.50971428571,84406.237,9199.863571428572
1177,2023_32,316559.73914285714,52307.63228571428,86951.36171428571,9866.371857142858
1178,2023_33,280477.54414285714,45134.014428571434,86261.11285714286,9186.965571428571
1179,2023_34,224575.2902857143,56439.749,91878.85128571429,8878.758
1180,2023_35,242248.6392857143,52500.74571428571,86333.91928571429,9259.955
1181,2023_36,290499.3728571428,44775.16785714286,85859.06271428571,8678.02842857143
1182,2023_37,290192.509,52640.45228571429,86002.34285714287,8265.2
1183,2023_38,286504.4151428571,57808.209857142865,86578.35814285713,8263.048
1184,2023_39,257973.87257142857,59689.53385714286,97826.37585714286,7918.903857142856
1185,2023_4,160250.06199999998,28400.607,154631.74542857142,11823.597571428572
1186,2023_40,292585.5177142857,61253.743,93801.60714285714,6051.638
1187,2023_41,315418.9378571428,58317.27642857143,89408.92271428571,7771.9457142857145
1188,2023_42,312856.0201428571,58477.18428571429,87235.5407142857,12128.966857142857
1189,2023_43,259427.77099999998,60140.18557142857,95770.40028571429,13718.248428571429
1190,2023_44,175142.61828571427,59600.482571428576,101868.98128571428,11920.323571428571
1191,2023_45,314454.429,61198.02371428571,91147.34528571428,11088.32442857143
1192,2023_46,231266.239,67558.677,112548.08528571429,35083.094
1193,2023_47,250512.20128571428,61632.41357142857,113219.68885714286,22878.47057142857
1194,2023_48,241866.73985714285,63526.15342857143,133808.72357142856,21305.19814285714
1195,2023_49,264911.42285714287,59753.20271428571,120969.3068857143,19227.796
1196,2023_5,226074.41785714286,30173.38057142857,137741.893,15705.623285714286
1197,2023_50,320393.628,59860.92828571429,98702.821,16107.228000000001
1198,2023_51,217400.20385714286,50777.34085714286,86387.9182857143,43966.698428571435
1199,2023_52,202934.8495,58503.971000000005,73060.492875,15292.948375
1200,2023_6,231543.935,32403.692857142858,136637.74142857143,15766.431714285714
1201,2023_7,207157.428,27093.932999999997,119639.9472857143,16111.845285714286
1202,2023_8,210529.8577142857,26928.332142857143,99634.02871428571,13640.172285714285
1203,2023_9,252821.27957142857,25499.994142857144,87985.88714285714,12143.68857142857
1204,2024_1,105562.43114285714,57079.319285714286,83748.89671428571,13325.619571428571
1205,2024_10,175410.7812857143,66068.21342857143,101307.5917142857,9782.936
1206,2024_11,153803.15671428572,66995.45128571428,118269.15514285714,9848.707714285714
1207,2024_12,165552.24585714284,67475.64314285714,115533.095,14325.43742857143
1208,2024_13,179105.3662857143,59753.50214285714,90883.00485714285,9144.699
1209,2024_14,100946.43642857143,62963.50971428571,114121.037,11095.685
1210,2024_15,166747.2695714286,63791.75971428571,114873.64471428572,9433.767285714286
1211,2024_16,217029.02842857144,56248.74028571429,89877.8292857143,8775.26842857143
1212,2024_17,223330.30328571427,62693.235,89558.57057142856,10494.427714285715
1213,2024_18,259381.2442857143,56504.65171428572,87131.20957142857,9116.487571428572
1214,2024_19,258692.43528571428,56675.709428571434,85798.97814285716,6842.241000000001
1215,2024_2,172644.46985714286,64420.977857142854,93238.6412857143,22831.959285714285
1216,2024_20,245336.0897142857,64099.24257142857,90045.66285714286,7357.098
1217,2024_21,299493.563,59979.409571428565,85076.15800000001,8983.480142857143
1218,2024_22,275724.4667142857,53935.76128571429,85811.41671428572,6209.704857142858
1219,2024_23,306586.71214285714,53779.724285714285,88892.735,8391.824285714287
1220,2024_24,327007.3464285714,52333.81985714286,88239.137,9010.481714285715
1221,2024_25,318086.44585714285,54683.464,86393.52128571428,9035.866
1222,2024_26,267575.822,64742.04742857143,88654.76185714286,8333.832285714287
1223,2024_27,314302.36,59189.16314285714,88204.47442857143,9503.926285714286
1224,2024_28,335328.5054285714,61668.76657142857,85898.13828571429,7676.087428571429
1225,2024_29,337596.80214285717,59279.85642857143,86085.73571428572,8631.534285714286
1226,2024_3,196699.5937142857,68335.82271428572,82038.53857142858,12290.387142857142
1227,2024_30,364542.6991428571,61380.84257142857,85558.48085714286,8765.293142857143
1228,2024_31,367056.128,62275.11285714286,86199.88071428573,8574.274571428572
1229,2024_32,332935.4798571429,69213.16171428571,89122.86828571428,23570.80942857143
1230,2024_33,348064.13257142855,71635.30385714285,89133.04085714287,9145.496714285715
1231,2024_34,366736.0115714286,69451.87257142857,88335.66885714287,25677.813857142854
1232,2024_35,378231.07571428566,64380.05842857143,86744.49157142857,11825.039428571428
1233,2024_36,368304.4467142857,71881.81042857144,81592.85128571429,11259.687714285714
1234,2024_37,381303.96114285715,63577.48714285715,78777.59628571429,29026.233285714286
1235,2024_38,381766.5626666667,69878.40666666666,80008.79233333333,33080.652
1236,2024_4,136620.8607142857,51715.22642857143,82213.85085714285,9848.665714285715
1237,2024_5,262558.1544285714,65523.037142857145,80322.12685714287,11214.319999999998
1238,2024_6,266225.5014285714,61161.28257142857,75509.69057142858,10506.389428571429
1239,2024_7,172968.49757142857,64295.605142857145,83487.07457142857,10231.560714285715
1240,2024_8,126292.28,55369.59657142857,100146.51271428572,10036.468571428572
1241,2024_9,104414.05528571429,62964.33257142857,117844.52814285715,10313.441
